U10,Seed,Group,MssAlong,MssCross,MssTotal,Gamma
10,1,Linear Elfouhaily,0.036252372277669,0.0259411710153077,0.0621935432929767,0.845914701505446
10,1,Raw Modified Lie,0.0363419597901582,0.0259682672888486,0.0623102270790068,0.845312545623675
10,1,MSS-Constrained Modified Lie,0.0312795519693582,0.0232990581883181,0.0545786101576763,0.863055890598312
10,2,Linear Elfouhaily,0.0373581019173061,0.0251502330512586,0.0625083349685647,0.820500038153132
10,2,Raw Modified Lie,0.0374433238026367,0.0251680393123378,0.0626113631149745,0.819855840810654
10,2,MSS-Constrained Modified Lie,0.0313262800672951,0.0232626232197717,0.0545889032870668,0.861737376327531
10,3,Linear Elfouhaily,0.0349836911991355,0.0248431293592068,0.0598268205583423,0.842694840596749
10,3,Raw Modified Lie,0.0350761575338106,0.0248644947425689,0.0599406522763795,0.841945176762556
10,3,MSS-Constrained Modified Lie,0.0312241559418553,0.0232485140244234,0.0544726699662787,0.862883661936224
10,4,Linear Elfouhaily,0.036431948991524,0.0252961274932759,0.0617280764847999,0.833270137762822
10,4,Raw Modified Lie,0.0365321062783746,0.0253174312888075,0.0618495375671821,0.832477422275367
10,4,MSS-Constrained Modified Lie,0.0312877146626184,0.0232695079206539,0.0545572225832723,0.862395890901432
10,5,Linear Elfouhaily,0.0353622610749904,0.0261875219740583,0.0615497830490487,0.860552140692042
10,5,Raw Modified Lie,0.0354452966251357,0.0262082518440254,0.0616535484691611,0.859883705184068
10,5,MSS-Constrained Modified Lie,0.0312405044121942,0.0233097770705499,0.0545502814827441,0.863793718051099
10,6,Linear Elfouhaily,0.0357060908825546,0.0248878343467342,0.0605939252292888,0.834876815148379
10,6,Raw Modified Lie,0.0358027476173898,0.0249094797436128,0.0607122273610026,0.834111578861115
10,6,MSS-Constrained Modified Lie,0.0312561818175934,0.0232506152871519,0.0545067971047453,0.862480456410437
10,7,Linear Elfouhaily,0.035963428742108,0.0249147158806644,0.0608781446227724,0.832333595113186
10,7,Raw Modified Lie,0.0360589641342006,0.0249400322457082,0.0609989963799087,0.831652470621281
10,7,MSS-Constrained Modified Lie,0.0312673279642802,0.0232520403489073,0.0545193683131874,0.862353140792534
10,8,Linear Elfouhaily,0.0367846291967464,0.0247721234129833,0.0615567526097297,0.82063195885527
10,8,Raw Modified Lie,0.0368767892107575,0.0247931017827307,0.0616698909934882,0.819952852811736
10,8,MSS-Constrained Modified Lie,0.0313024090027035,0.0232451718125975,0.054547580815301,0.861742474429218
10,9,Linear Elfouhaily,0.0378840444456302,0.0257319858773143,0.0636160303229445,0.82415421378848
10,9,Raw Modified Lie,0.0379480139880871,0.0257517190689861,0.0636997330570732,0.823774960427522
10,9,MSS-Constrained Modified Lie,0.0313472580681073,0.0232893050090995,0.0546365630772068,0.861942876305284
10,10,Linear Elfouhaily,0.0347654067356055,0.0254825595496716,0.0602479662852771,0.85614606813283
10,10,Raw Modified Lie,0.0348599666145622,0.025499933744901,0.0603599003594632,0.855275521801844
10,10,MSS-Constrained Modified Lie,0.0312145051965484,0.0232778663297832,0.0544923715263316,0.863561669930603
10,11,Linear Elfouhaily,0.0362853944976373,0.0256496497710645,0.0619350442687018,0.840765330892504
10,11,Raw Modified Lie,0.036391933993152,0.0256747331390503,0.0620666671322022,0.839944133353891
10,11,MSS-Constrained Modified Lie,0.0312817012075565,0.0232858188344376,0.0545675200419941,0.862781005610595
10,12,Linear Elfouhaily,0.0353507368311235,0.0256736098459728,0.0610243466770963,0.852205304923646
10,12,Raw Modified Lie,0.0354324766460895,0.025690138195315,0.0611226148414045,0.851495712393247
10,12,MSS-Constrained Modified Lie,0.0312399393563582,0.0232865172197933,0.0545264565761515,0.863370446737466
10,13,Linear Elfouhaily,0.0352403862080859,0.0257685943145535,0.0610089805226394,0.855116003809317
10,13,Raw Modified Lie,0.035329584285186,0.0257864320169708,0.0611160163021567,0.854331390016658
10,13,MSS-Constrained Modified Lie,0.0312353972053019,0.0232908736873796,0.0545262708926815,0.863513980980251
10,14,Linear Elfouhaily,0.0368752454542355,0.0259286260392406,0.0628038714934761,0.838537119228438
10,14,Raw Modified Lie,0.0369480586178349,0.0259504453547051,0.06289850397254,0.83806286210829
10,14,MSS-Constrained Modified Lie,0.0313054310373923,0.0232982584243234,0.0546036894617157,0.862684281651886
10,15,Linear Elfouhaily,0.0362091329675968,0.0240855594876474,0.0602946924552442,0.815585144452474
10,15,Raw Modified Lie,0.0362833184095596,0.0241051537947603,0.0603884722043199,0.815082283220534
10,15,MSS-Constrained Modified Lie,0.0312770263990559,0.0232124890945193,0.0544895154935752,0.861485809362614
10,16,Linear Elfouhaily,0.0381659227020902,0.0251503528184729,0.0633162755205632,0.811772168951149
10,16,Raw Modified Lie,0.0382534629936242,0.0251764106843748,0.0634298736779991,0.811262737591422
10,16,MSS-Constrained Modified Lie,0.0313598260126938,0.0232630100383673,0.054622836051061,0.861283508866623
10,17,Linear Elfouhaily,0.037921707330894,0.0256601612449823,0.0635818685758763,0.822594401617925
10,17,Raw Modified Lie,0.0379995287650868,0.0256812471589222,0.063680775924009,0.822089213271372
10,17,MSS-Constrained Modified Lie,0.0313493844068489,0.0232861141948777,0.0546354986017267,0.861854597826725
10,18,Linear Elfouhaily,0.0355491146605303,0.0254312378633021,0.0609803525238325,0.845803261218394
10,18,Raw Modified Lie,0.0356394002501626,0.025454194986621,0.0610935952367836,0.845112430791306
10,18,MSS-Constrained Modified Lie,0.0312490361194025,0.0232757768951701,0.0545248130145726,0.86304567368447
10,19,Linear Elfouhaily,0.0358359901445277,0.0256757824360041,0.0615117725805318,0.846451617590348
10,19,Raw Modified Lie,0.0359086972832971,0.0256871644582775,0.0615958617415746,0.845781649424315
10,19,MSS-Constrained Modified Lie,0.031260800088891,0.0232863824369713,0.0545471825258623,0.863079831809005
10,20,Linear Elfouhaily,0.0366676635959299,0.0257153578976634,0.0623830214935932,0.837441863528831
10,20,Raw Modified Lie,0.0367538082336466,0.0257372505807482,0.0624910588143948,0.836815860466555
10,20,MSS-Constrained Modified Lie,0.0312971811720361,0.0232886505848365,0.0545858317568726,0.86262005438256
12,1,Linear Elfouhaily,0.0426998596337905,0.0304205461183579,0.0731204057521484,0.844054091619905
12,1,Raw Modified Lie,0.0427905470996891,0.0304478688610578,0.0732384159607469,0.843537764980987
12,1,MSS-Constrained Modified Lie,0.0371711443580334,0.0276816832793101,0.0648528276373435,0.862965198429702
12,2,Linear Elfouhaily,0.043850420492018,0.029360378063227,0.073210798555245,0.818264934662697
12,2,Raw Modified Lie,0.0439362078368042,0.0293783661423327,0.0733145739791369,0.817716073518522
12,2,MSS-Constrained Modified Lie,0.0372202827599729,0.0276322361808512,0.064852518940824,0.861624782918898
12,3,Linear Elfouhaily,0.0413155470917444,0.0291112019797103,0.0704267490714548,0.839408407470916
12,3,Raw Modified Lie,0.0414085820717672,0.0291327257839726,0.0705413078557398,0.838774812816185
12,3,MSS-Constrained Modified Lie,0.0371101797200954,0.0276206380249192,0.0647308177450146,0.862720910227799
12,4,Linear Elfouhaily,0.0429393960503157,0.029598531419062,0.0725379274693776,0.830246619205712
12,4,Raw Modified Lie,0.0430401294330498,0.0296199708554987,0.0726601002885485,0.829574758104848
12,4,MSS-Constrained Modified Lie,0.03718195475409,0.0276435542676343,0.0648255090217242,0.862245292162566
12,5,Linear Elfouhaily,0.0413624314609935,0.0304805257239718,0.0718429571849654,0.858436541985455
12,5,Raw Modified Lie,0.0414463072162067,0.0305014298883905,0.0719477371045972,0.857861502332942
12,5,MSS-Constrained Modified Lie,0.0371118694439864,0.0276841159979063,0.0647959854418927,0.863692034512452
12,6,Linear Elfouhaily,0.0421047392127555,0.0290178152378447,0.0711225544506002,0.830169674143155
12,6,Raw Modified Lie,0.0422025435325164,0.0290396088818014,0.0712421524143178,0.829518484702523
12,6,MSS-Constrained Modified Lie,0.0371454369093427,0.0276162171182733,0.0647616540276161,0.86224236758951
12,7,Linear Elfouhaily,0.042593116043427,0.0290818713954156,0.0716749874388426,0.826307068820969
12,7,Raw Modified Lie,0.0426891256247041,0.0291074689988542,0.0717965946235583,0.825740511651836
12,7,MSS-Constrained Modified Lie,0.0371667342681335,0.0276194402379964,0.0647861745061299,0.862045590990286
12,8,Linear Elfouhaily,0.043061443466723,0.0289633859334616,0.0720248294001846,0.820125609892971
12,8,Raw Modified Lie,0.0431541017836731,0.0289845333663582,0.0721386351500314,0.819543699112304
12,8,MSS-Constrained Modified Lie,0.0371868715534832,0.0276135959581696,0.0648004675116528,0.861720969002522
12,9,Linear Elfouhaily,0.0446503032168152,0.0301572840127924,0.0748075872296076,0.821833625972252
12,9,Raw Modified Lie,0.044715105867399,0.0301772833468571,0.074892389214256,0.821510159505686
12,9,MSS-Constrained Modified Lie,0.0372530000316278,0.0276693309129279,0.0649223309445557,0.861824234504117
12,10,Linear Elfouhaily,0.0409935577736168,0.0297932826149381,0.070786840388555,0.852513710551702
12,10,Raw Modified Lie,0.0410887559963719,0.0298108877759362,0.0708996437723081,0.851777097124443
12,10,MSS-Constrained Modified Lie,0.0370957955441944,0.0276524359972955,0.0647482315414898,0.863384709941144
12,11,Linear Elfouhaily,0.0428505668211491,0.0301375306138543,0.0729880974350034,0.83863994968188
12,11,Raw Modified Lie,0.042957437565836,0.0301627345127069,0.0731201720785429,0.837946269771355
12,11,MSS-Constrained Modified Lie,0.0371783796548146,0.0276686637741442,0.0648470434289588,0.86267828037034
12,12,Linear Elfouhaily,0.0414130577446324,0.0299979242798773,0.0714109820245098,0.851092872082071
12,12,Raw Modified Lie,0.0414952111612013,0.0300144144048792,0.0715096255660805,0.850483608408229
12,12,MSS-Constrained Modified Lie,0.0371140576973176,0.027661845036669,0.0647759027339866,0.863319106819226
12,13,Linear Elfouhaily,0.0414507087625789,0.0300244938363114,0.0714752025988903,0.851082904166385
12,13,Raw Modified Lie,0.0415406351154373,0.0300424641529384,0.0715830992683756,0.850415583263064
12,13,MSS-Constrained Modified Lie,0.0371160880415783,0.027663137021832,0.0647792250634103,0.863315654099015
12,14,Linear Elfouhaily,0.0437083129685022,0.0303052736027359,0.0740135865712381,0.832677984962071
12,14,Raw Modified Lie,0.0437815988424324,0.0303272444256856,0.074108843268118,0.832282316136908
12,14,MSS-Constrained Modified Lie,0.0372137229865935,0.0276761896483233,0.0648899126349167,0.862385783872591
12,15,Linear Elfouhaily,0.042495703443688,0.028120494413236,0.070616197856924,0.813465174127028
12,15,Raw Modified Lie,0.0425706142550717,0.0281402527078106,0.0707108669628823,0.813034619033573
12,15,MSS-Constrained Modified Lie,0.0371615684333403,0.0275728113845927,0.064734379817933,0.861377468024142
12,16,Linear Elfouhaily,0.0453058864261731,0.0295031189642596,0.0748090053904327,0.806968624269857
12,16,Raw Modified Lie,0.0453940700251471,0.0295293690101033,0.0749234390352504,0.80654299173846
12,16,MSS-Constrained Modified Lie,0.0372810809259166,0.0276393202944632,0.0649204012203798,0.861032276112263
12,17,Linear Elfouhaily,0.0447560452945289,0.0301030879697348,0.0748591332642637,0.820124283828662
12,17,Raw Modified Lie,0.0448348797768812,0.0301243793508688,0.0749592591277499,0.819692665701714
12,17,MSS-Constrained Modified Lie,0.037257982990017,0.0276669035265649,0.0649248865165819,0.861728799979199
12,18,Linear Elfouhaily,0.0425101533966054,0.0298125289676526,0.0723226823642579,0.837438789373776
12,18,Raw Modified Lie,0.0426013751137209,0.0298356978124147,0.0724370729261356,0.836866707617592
12,18,MSS-Constrained Modified Lie,0.0371629105910787,0.0276535862261764,0.0648164968172551,0.862622675061037
12,19,Linear Elfouhaily,0.0426588352990531,0.0299853858679895,0.0726442211670426,0.838398174529743
12,19,Raw Modified Lie,0.0427319362657625,0.0299968657032843,0.0727288019690469,0.837841085877465
12,19,MSS-Constrained Modified Lie,0.0371685970074747,0.0276610361514401,0.0648296331589147,0.862672865627488
12,20,Linear Elfouhaily,0.0433110019047038,0.0300272475778034,0.0733382494825072,0.832642639450809
12,20,Raw Modified Lie,0.0433979964901087,0.030049339514721,0.0734473360048298,0.832113609576673
12,20,MSS-Constrained Modified Lie,0.0371973519269288,0.0276634535294958,0.0648608054564246,0.86237704259895
14,1,Linear Elfouhaily,0.0482595790311065,0.0339952812804533,0.0822548603115599,0.839300641090908
14,1,Raw Modified Lie,0.0483500788566104,0.0340226442685446,0.0823727231251551,0.83885218248481
14,1,MSS-Constrained Modified Lie,0.0427418598569581,0.0318125198446132,0.0745543797015713,0.862724888977848
14,2,Linear Elfouhaily,0.0493823783405841,0.0327698622342038,0.0821522405747878,0.814612943857608
14,2,Raw Modified Lie,0.0494684677388326,0.0327878585692377,0.0822563263080703,0.814127260952015
14,2,MSS-Constrained Modified Lie,0.0427907579904328,0.0317537718476143,0.0745445298380471,0.861435311615676
14,3,Linear Elfouhaily,0.0469419214232769,0.0325909073839325,0.0795328288072094,0.833235557930742
14,3,Raw Modified Lie,0.0470353278942871,0.0326124948867443,0.0796478227810313,0.832683432962506
14,3,MSS-Constrained Modified Lie,0.0426829831932851,0.03174525855232,0.0744282417456051,0.862406560373359
14,4,Linear Elfouhaily,0.0486681906129433,0.0331707710841244,0.0818389616970678,0.82557243413654
14,4,Raw Modified Lie,0.0487693604510385,0.0331922928604742,0.0819616533115126,0.824983184793833
14,4,MSS-Constrained Modified Lie,0.0427603163632945,0.0317732419634201,0.0745335583267146,0.862006042557654
14,5,Linear Elfouhaily,0.046923385819389,0.0339410931252873,0.0808644789446763,0.850488100924936
14,5,Raw Modified Lie,0.0470072806880976,0.0339620371305028,0.0809693178186004,0.849990950456951
14,5,MSS-Constrained Modified Lie,0.0426817102377254,0.0318096839405338,0.0744913941782593,0.863294095279298
14,6,Linear Elfouhaily,0.0477995951104405,0.0324987391442895,0.08029833425473,0.824557881114952
14,6,Raw Modified Lie,0.0478972031029886,0.0325206006397053,0.0804178037426939,0.823994289754248
14,6,MSS-Constrained Modified Lie,0.0427217529603246,0.0317407800260602,0.0744625329863849,0.861954349429329
14,7,Linear Elfouhaily,0.0483885568247614,0.0325165115050816,0.080905068329843,0.819748514868673
14,7,Raw Modified Lie,0.0484850591181757,0.0325420816013882,0.0810271407195639,0.819254244556498
14,7,MSS-Constrained Modified Lie,0.0427478181417263,0.0317418279904792,0.0744896461322055,0.861705748891886
14,8,Linear Elfouhaily,0.0486789799743908,0.0324285062709992,0.08110748624539,0.816192759101734
14,8,Raw Modified Lie,0.0487720719012828,0.0324497003198246,0.0812217722211074,0.815679866077634
14,8,MSS-Constrained Modified Lie,0.0427604352283025,0.0317373164288014,0.074497751657104,0.861517378565218
14,9,Linear Elfouhaily,0.0504155011612368,0.033755118729668,0.0841706198909048,0.81825331906266
14,9,Raw Modified Lie,0.0504801799390522,0.0337750604088368,0.084255240347889,0.817970460255696
14,9,MSS-Constrained Modified Lie,0.0428340955755109,0.0318009046084732,0.074635000183984,0.861638183262966
14,10,Linear Elfouhaily,0.0464364023918309,0.0333264059743241,0.079762808366155,0.847159055131088
14,10,Raw Modified Lie,0.0465319245945179,0.0333439690534137,0.0798758936479316,0.846512039602287
14,10,MSS-Constrained Modified Lie,0.0426600251794626,0.0317804858360532,0.0744405110155157,0.863117082948038
14,11,Linear Elfouhaily,0.0484848896921929,0.0337610823086397,0.0822459720008325,0.834458944952252
14,11,Raw Modified Lie,0.0485924758206873,0.0337864163028116,0.0823788921234988,0.833847346106571
14,11,MSS-Constrained Modified Lie,0.0427525484694945,0.0318014391301518,0.0745539875996463,0.862466793377126
14,12,Linear Elfouhaily,0.0470908913764185,0.0334450287077011,0.0805359200841196,0.842747224566252
14,12,Raw Modified Lie,0.0471734846168377,0.0334617374222237,0.0806352220390614,0.842219445746807
14,12,MSS-Constrained Modified Lie,0.0426892430935537,0.0317860887552728,0.0744753318488264,0.862897714253406
14,13,Linear Elfouhaily,0.0470886863092048,0.0334665856956079,0.0805552720048127,0.84303851530501
14,13,Raw Modified Lie,0.047178784358589,0.033484611603664,0.0806633959622531,0.842459941794679
14,13,MSS-Constrained Modified Lie,0.0426894828785658,0.0317871748387141,0.0744766577172798,0.862910032619393
14,14,Linear Elfouhaily,0.0497722424713925,0.0337493032851433,0.0835215457565358,0.82345297285835
14,14,Raw Modified Lie,0.049845826860545,0.0337713425617033,0.0836171694222484,0.82311356837556
14,14,MSS-Constrained Modified Lie,0.0428070201295145,0.0318007295723919,0.0746077497019065,0.861908261287863
14,15,Linear Elfouhaily,0.0479577131781516,0.0315586409765253,0.0795163541546769,0.811203682286427
14,15,Raw Modified Lie,0.0480326843523182,0.0315784389662459,0.0796111233185641,0.810824568477966
14,15,MSS-Constrained Modified Lie,0.0427277869599507,0.0316941566598223,0.074421943619773,0.861260243611898
14,16,Linear Elfouhaily,0.0513041941914243,0.0330966884448042,0.0844008826362285,0.803185455597503
14,16,Raw Modified Lie,0.0513926298279223,0.0331230058175956,0.0845156356455179,0.802813098295805
14,16,MSS-Constrained Modified Lie,0.0428724792428295,0.0317699224280779,0.0746424016709074,0.860832743375056
14,17,Linear Elfouhaily,0.0505134120573483,0.0337003331752823,0.0842137452326306,0.816796267953716
14,17,Raw Modified Lie,0.0505920441920127,0.0337216349188117,0.0843136791108244,0.816419176915557
14,17,MSS-Constrained Modified Lie,0.0428388366122022,0.0317983875785344,0.0746372241907366,0.861556404603951
14,18,Linear Elfouhaily,0.0489137570480659,0.0334041226240079,0.0823178796720739,0.826388992191573
14,18,Raw Modified Lie,0.0490049570523559,0.0334273118719095,0.0824322689242654,0.825906188306202
14,18,MSS-Constrained Modified Lie,0.0427706211332987,0.0317844528738429,0.0745550740071416,0.862054238211646
14,19,Linear Elfouhaily,0.0488037699557588,0.0334362896697693,0.082240059625528,0.827717912583498
14,19,Raw Modified Lie,0.0488772459551252,0.0334478098486211,0.0823250558037463,0.827238006251692
14,19,MSS-Constrained Modified Lie,0.0427650410282772,0.0317854271180213,0.0745504681462985,0.862123690459361
14,20,Linear Elfouhaily,0.0492621011549668,0.0335069715628801,0.0827690727178468,0.824728727957163
14,20,Raw Modified Lie,0.0493491407204479,0.0335290894265827,0.0828782301470306,0.824273014787499
14,20,MSS-Constrained Modified Lie,0.0427855911099079,0.0317892846631815,0.0745748757730894,0.861968925359317
16,1,Linear Elfouhaily,0.0532359998585261,0.0368945661600293,0.0901305660185555,0.832488985829521
16,1,Raw Modified Lie,0.053326778205875,0.0369219154770666,0.0902486936829416,0.832088344813544
16,1,MSS-Constrained Modified Lie,0.0473432896918205,0.0352088213261546,0.082552111017975,0.862375733398759
16,2,Linear Elfouhaily,0.0541657877550298,0.0355846844605954,0.0897504722156252,0.810529876477488
16,2,Raw Modified Lie,0.0542516611193334,0.0356026914919028,0.0898543526112362,0.810093029659693
16,2,MSS-Constrained Modified Lie,0.0473840105905784,0.03514482757434,0.0825288381649184,0.861221374817629
16,3,Linear Elfouhaily,0.0520846473093095,0.0354597573228261,0.0875444046321356,0.825112213513291
16,3,Raw Modified Lie,0.0521777754732107,0.0354813032489612,0.0876590787221719,0.824625958448713
16,3,MSS-Constrained Modified Lie,0.0472917562693173,0.0351388264923959,0.0824305827617132,0.86198737583651
16,4,Linear Elfouhaily,0.0537926717305523,0.0362102591331577,0.09000293086371,0.820454041943917
16,4,Raw Modified Lie,0.0538935053103704,0.0362317202272984,0.0901252255376688,0.819929026530297
16,4,MSS-Constrained Modified Lie,0.0473683204665244,0.035175616932143,0.0825439373986674,0.861741222381491
16,5,Linear Elfouhaily,0.0521711376103227,0.0367930232104838,0.0889641608208065,0.839783976501671
16,5,Raw Modified Lie,0.0522550988347249,0.0368139486950406,0.0890690475297656,0.839347622533287
16,5,MSS-Constrained Modified Lie,0.0472952579383443,0.0352036662939273,0.0824989242322716,0.8627503588165
16,6,Linear Elfouhaily,0.0530120246989909,0.0354592206159143,0.0884712453149052,0.817857041220557
16,6,Raw Modified Lie,0.0531099237399483,0.035481035780677,0.0885909595206253,0.81735421361686
16,6,MSS-Constrained Modified Lie,0.0473336449245297,0.0351388132480187,0.0824724581725484,0.861605714379969
16,7,Linear Elfouhaily,0.0534600878241819,0.0353532157598085,0.0888133035839904,0.813204227963804
16,7,Raw Modified Lie,0.0535561931519038,0.0353788387059093,0.0889350318578131,0.812768637529227
16,7,MSS-Constrained Modified Lie,0.047353452620971,0.0351337457433241,0.0824871983642951,0.861363375999061
16,8,Linear Elfouhaily,0.053927585099995,0.0353664669174643,0.0892940520174593,0.809823456125026
16,8,Raw Modified Lie,0.0540203358294138,0.0353876358432387,0.0894079716726525,0.80937005969059
16,8,MSS-Constrained Modified Lie,0.047373887967812,0.035134182501423,0.082508070469235,0.861182928536368
16,9,Linear Elfouhaily,0.0554431808464433,0.0367407701248136,0.0921839509712569,0.814048084073173
16,9,Raw Modified Lie,0.0555080542932258,0.0367607903146528,0.0922688446078786,0.813793876492297
16,9,MSS-Constrained Modified Lie,0.0474382833595612,0.0352011228902642,0.0826394062498254,0.861417670330562
16,10,Linear Elfouhaily,0.0512123311160542,0.0363073073370689,0.0875196384531231,0.841995457163289
16,10,Raw Modified Lie,0.0513076246848066,0.0363249313698837,0.0876325560546903,0.841417318421805
16,10,MSS-Constrained Modified Lie,0.0472520070563251,0.0351801361206556,0.0824321431769807,0.862856604590404
16,11,Linear Elfouhaily,0.0534147867414286,0.0366666493381534,0.090081436079582,0.828523561157641
16,11,Raw Modified Lie,0.0535217609025489,0.0366918781134944,0.0902136390160433,0.827979862418801
16,11,MSS-Constrained Modified Lie,0.0473519299361717,0.0351978205272094,0.0825497504633811,0.862162331061561
16,12,Linear Elfouhaily,0.0525066016832194,0.0362530825839791,0.0887596842671984,0.830932058014971
16,12,Raw Modified Lie,0.0525888395362227,0.0362695905218215,0.0888584300580441,0.830471116648253
16,12,MSS-Constrained Modified Lie,0.0473103154787736,0.0351774543415249,0.0824877698202985,0.862291851229856
16,13,Linear Elfouhaily,0.0522634480477297,0.0362798758144893,0.0885433238622191,0.833170465593461
16,13,Raw Modified Lie,0.05235346370265,0.0362978648554834,0.0886513285581334,0.832660244585255
16,13,MSS-Constrained Modified Lie,0.0472997053868053,0.0351788249814398,0.0824785303682451,0.862405359552471
16,14,Linear Elfouhaily,0.0551729125765842,0.0364926587834711,0.0916655713600553,0.813279448212173
16,14,Raw Modified Lie,0.055246274866343,0.0365146514862053,0.0917609263525483,0.812984152590652
16,14,MSS-Constrained Modified Lie,0.0474270721298469,0.0351893004563673,0.0826163725862142,0.861374794587025
16,15,Linear Elfouhaily,0.0529415352874782,0.034579541245993,0.0875210765334712,0.808186046341519
16,15,Raw Modified Lie,0.053016524170843,0.0345993198183978,0.0876158439892409,0.80784521115737
16,15,MSS-Constrained Modified Lie,0.0473294793760398,0.0350946288213887,0.0824241081974285,0.861101732666434
16,16,Linear Elfouhaily,0.0564590272108763,0.0360243377920761,0.0924833650029524,0.798787587433793
16,16,Raw Modified Lie,0.0565472996604752,0.0360506136816604,0.0925979133421355,0.798454909678673
16,16,MSS-Constrained Modified Lie,0.0474823011577422,0.0351668046132258,0.082649105770968,0.86059848089032
16,17,Linear Elfouhaily,0.0555213292285238,0.0365421071210811,0.092063436349605,0.81127270721174
16,17,Raw Modified Lie,0.0556002444987915,0.0365634200306593,0.0921636645294508,0.810933151592745
16,17,MSS-Constrained Modified Lie,0.0474422196339766,0.0351916488879103,0.0826338685218869,0.861266010110306
16,18,Linear Elfouhaily,0.054794746241715,0.0364758615779515,0.0912706078196665,0.815893211096653
16,18,Raw Modified Lie,0.0548860588840184,0.0364990535726933,0.0913851124567117,0.815473360027655
16,18,MSS-Constrained Modified Lie,0.0474115623734274,0.0351885487155672,0.0826001110889946,0.861506471715833
16,19,Linear Elfouhaily,0.0543674948751579,0.0362820331675414,0.0906495280426992,0.816913638810348
16,19,Raw Modified Lie,0.0544406721002458,0.0362935267483247,0.0907341988485705,0.816493716487694
16,19,MSS-Constrained Modified Lie,0.0473922511774188,0.0351786147512,0.0825708659286188,0.861560337464831
16,20,Linear Elfouhaily,0.0546184647478834,0.0363778128286278,0.0909962775765112,0.816109715059974
16,20,Raw Modified Lie,0.0547055483701741,0.0363999272268705,0.0911054755970446,0.815707714812471
16,20,MSS-Constrained Modified Lie,0.0474037537568267,0.0351837641805595,0.0825875179373862,0.861518849226746
18,1,Linear Elfouhaily,0.0578494270422253,0.0392922148465548,0.0971416418887801,0.824145182016587
18,1,Raw Modified Lie,0.057939613212985,0.0393194862643902,0.0972590994773752,0.823789252354626
18,1,MSS-Constrained Modified Lie,0.0514119221842961,0.0381963236322789,0.089608245816575,0.861943624004828
18,2,Linear Elfouhaily,0.0584279650897986,0.0379854938033423,0.0964134588931409,0.806303430778296
18,2,Raw Modified Lie,0.0585137562220487,0.0380034248526404,0.096517181074689,0.805902270618425
18,2,MSS-Constrained Modified Lie,0.0514372759484861,0.0381313612577794,0.0895686372062655,0.860998062818603
18,3,Linear Elfouhaily,0.0568371931592322,0.0378348909342133,0.0946720840934455,0.81588684697943
18,3,Raw Modified Lie,0.0569302764026896,0.0378564021876379,0.0947866785903274,0.81545128660149
18,3,MSS-Constrained Modified Lie,0.0513667663226453,0.0381239717891208,0.0894907381117661,0.861505305727774
18,4,Linear Elfouhaily,0.0584088457008588,0.0387841130185,0.0971929587193588,0.814868669310619
18,4,Raw Modified Lie,0.0585096672643372,0.0388055599177174,0.0973152271820546,0.814391370099918
18,4,MSS-Constrained Modified Lie,0.0514370962199561,0.038171205023302,0.0896083012432581,0.861449282275186
18,5,Linear Elfouhaily,0.0570730501958435,0.0391653047795673,0.0962383549754108,0.828390697930161
18,5,Raw Modified Lie,0.0571566496075857,0.0391861752371065,0.0963428248446921,0.828005185036269
18,5,MSS-Constrained Modified Lie,0.0513769596277799,0.0381898380315908,0.0895667976593707,0.862163649444455
18,6,Linear Elfouhaily,0.0578736497447053,0.0379504131489919,0.0958240628936971,0.809781439446001
18,6,Raw Modified Lie,0.0579709306852384,0.0379722004736834,0.0959431311589218,0.809333926832519
18,6,MSS-Constrained Modified Lie,0.0514133112841855,0.0381297941714012,0.0895431054555867,0.861181006198124
18,7,Linear Elfouhaily,0.057935489816228,0.0377104707606922,0.0956459605769202,0.806786524015387
18,7,Raw Modified Lie,0.0580316597288547,0.037735953750051,0.0957676134789057,0.806390067099352
18,7,MSS-Constrained Modified Lie,0.0514160029165249,0.0381178976155572,0.0895339005320822,0.861024112572831
18,8,Linear Elfouhaily,0.0589132650836812,0.0379428940231391,0.0968561591068203,0.802525202728565
18,8,Raw Modified Lie,0.0590060367570223,0.0379640140277753,0.0969700507847977,0.80211721982866
18,8,MSS-Constrained Modified Lie,0.051458827230603,0.0381293831082238,0.0895882103388268,0.860795419510327
18,9,Linear Elfouhaily,0.0599228630468498,0.0392423069872773,0.0991651700341272,0.809246794495108
18,9,Raw Modified Lie,0.0599872981091208,0.0392621770719184,0.0992494751810392,0.809016795904656
18,9,MSS-Constrained Modified Lie,0.0515012804735054,0.0381935380956302,0.0896948185691355,0.861164130717714
18,10,Linear Elfouhaily,0.0554818847182062,0.0388329791735302,0.0943148638917364,0.83661327621579
18,10,Raw Modified Lie,0.0555770759451202,0.0388504773648727,0.0944275533099929,0.836084809322885
18,10,MSS-Constrained Modified Lie,0.0513050182739568,0.0381734129686503,0.0894784312426071,0.862582359039965
18,11,Linear Elfouhaily,0.057950202380434,0.0390465674216823,0.0969967698021163,0.82085028264479
18,11,Raw Modified Lie,0.0580574286231006,0.0390718153431318,0.0971292439662324,0.820357015477167
18,11,MSS-Constrained Modified Lie,0.0514171442367709,0.0381842576815045,0.0896014019182753,0.861763707516939
18,12,Linear Elfouhaily,0.0576851231212969,0.0386160821640171,0.096301205285314,0.818186280659873
18,12,Raw Modified Lie,0.0577674228496168,0.0386327289492334,0.0964001517988501,0.817779457646164
18,12,MSS-Constrained Modified Lie,0.0514042718410463,0.0381626867034379,0.0895669585444842,0.86162812217847
18,13,Linear Elfouhaily,0.0569987766372315,0.0386290501915706,0.0956278268288021,0.823235798813447
18,13,Raw Modified Lie,0.0570885652423079,0.0386470114595167,0.0957355767018246,0.822779369835233
18,13,MSS-Constrained Modified Lie,0.0513738979119117,0.0381633920163768,0.0895372899282885,0.861890760419143
18,14,Linear Elfouhaily,0.0600167449556546,0.0387544503503947,0.0987711953060494,0.803571586475881
18,14,Raw Modified Lie,0.0600900641670063,0.0387764140946289,0.0988664782616352,0.803308733141429
18,14,MSS-Constrained Modified Lie,0.0515056883079605,0.0381697710428474,0.0896754593508079,0.860859308315043
18,15,Linear Elfouhaily,0.0575664116061916,0.0372038164646434,0.0947702280708349,0.803913214082773
18,15,Raw Modified Lie,0.0576411125701761,0.0372235444959758,0.0948646570661519,0.803605101557409
18,15,MSS-Constrained Modified Lie,0.0513986461434225,0.038091849424667,0.0894904955680894,0.860875185573657
18,16,Linear Elfouhaily,0.0609785126884496,0.0383896799397331,0.0993681926281827,0.79344866174507
18,16,Raw Modified Lie,0.0610666405127169,0.0384159082338312,0.0994825487465481,0.793146730521918
18,16,MSS-Constrained Modified Lie,0.0515472217950235,0.038151948916201,0.0896991707112245,0.860311507941581
18,17,Linear Elfouhaily,0.0600899713470904,0.0388334101868106,0.098923381533901,0.803899514918507
18,17,Raw Modified Lie,0.0601683247160722,0.0388546378317866,0.0990229625478588,0.803595457000065
18,17,MSS-Constrained Modified Lie,0.0515090402530635,0.0381736173562849,0.0896826576093485,0.860874668976175
18,18,Linear Elfouhaily,0.060226890015463,0.0391014599877253,0.0993283500031882,0.805751769479434
18,18,Raw Modified Lie,0.0603177756743431,0.0391245695471758,0.0994423452215189,0.805382386233861
18,18,MSS-Constrained Modified Lie,0.0515154298339392,0.0381868338215393,0.0897022636554785,0.860970282982158
18,19,Linear Elfouhaily,0.0595118525683804,0.038707023728371,0.0982188762967515,0.806479169401406
18,19,Raw Modified Lie,0.0595850643365941,0.0387184964296691,0.0983035607662632,0.806102996631613
18,19,MSS-Constrained Modified Lie,0.0514839586207581,0.038166918440272,0.0896508770610301,0.86100878398614
18,20,Linear Elfouhaily,0.0593989113852171,0.0387991234368418,0.0981980348220589,0.808205337315109
18,20,Raw Modified Lie,0.0594856433458497,0.0388211640001198,0.0983068073459695,0.807845285896059
18,20,MSS-Constrained Modified Lie,0.0514796600205615,0.038171972326871,0.0896516323474325,0.861101736649723
20,1,Linear Elfouhaily,0.0622117758047252,0.0413046887532198,0.103516464557945,0.814823184840625
20,1,Raw Modified Lie,0.0623016715794684,0.0413318753407838,0.103633546920252,0.814503033047667
20,1,MSS-Constrained Modified Lie,0.0550618733556458,0.0408616937470486,0.0959235671026945,0.86145518764854
20,2,Linear Elfouhaily,0.0623383535151593,0.0400769655000836,0.102415319015243,0.801806830467975
20,2,Raw Modified Lie,0.0624238685041165,0.0400948360873675,0.102518704591484,0.801436064367488
20,2,MSS-Constrained Modified Lie,0.0550672681796312,0.0407996587894328,0.0958669269690641,0.860758855519032
20,3,Linear Elfouhaily,0.0613013725887094,0.039814352870545,0.101115725459254,0.805906634779521
20,3,Raw Modified Lie,0.0613941565745113,0.0398357934893771,0.101229950063888,0.805514230869312
20,3,MSS-Constrained Modified Lie,0.0550214903880347,0.0407864383578637,0.0958079287458983,0.860977329665147
20,4,Linear Elfouhaily,0.0625826205474562,0.0409478314110154,0.103530451958472,0.808888350829528
20,4,Raw Modified Lie,0.0626831197102531,0.0409692089628529,0.103652328673106,0.808450600265695
20,4,MSS-Constrained Modified Lie,0.055078680616001,0.0408436915617086,0.0959223721777096,0.861133986131035
20,5,Linear Elfouhaily,0.0616518506849923,0.041172369471095,0.102824220156087,0.817202848422603
20,5,Raw Modified Lie,0.0617351765641111,0.0411931718110057,0.102928348375117,0.816857440658767
20,5,MSS-Constrained Modified Lie,0.055036731333631,0.0408548265104712,0.0958915578441022,0.861579523407337
20,6,Linear Elfouhaily,0.0624055509703102,0.0400279851980971,0.102433536168407,0.800885174464289
20,6,Raw Modified Lie,0.0625025290968928,0.0400497038062426,0.102552232903135,0.800480687972086
20,6,MSS-Constrained Modified Lie,0.0550707356300562,0.0407973612779356,0.0958680969079917,0.860707521748584
20,7,Linear Elfouhaily,0.0619651651243826,0.0397168264407773,0.10168199156516,0.800596088377916
20,7,Raw Modified Lie,0.062061027287615,0.0397422287350604,0.101803256022675,0.800233317646914
20,7,MSS-Constrained Modified Lie,0.0550512197912912,0.0407816431262163,0.0958328629175075,0.860694220693222
20,8,Linear Elfouhaily,0.0636425357457976,0.0402422269136369,0.103884762659434,0.795183326621213
20,8,Raw Modified Lie,0.0637350108662934,0.0402632783289207,0.103998289195214,0.794814048100387
20,8,MSS-Constrained Modified Lie,0.0551245302306943,0.0408082118975099,0.0959327421282042,0.860401843191297
20,9,Linear Elfouhaily,0.0639785670311361,0.0413409760817281,0.105319543112864,0.803846469764044
20,9,Raw Modified Lie,0.064042776442214,0.0413607798555714,0.105403556297785,0.803635815406786
20,9,MSS-Constrained Modified Lie,0.0551378091497285,0.0408631220578444,0.0960009312075729,0.860876830679612
20,10,Linear Elfouhaily,0.0593987162947433,0.0409381928923495,0.100336909187093,0.830186762839588
20,10,Raw Modified Lie,0.0594936011319877,0.0409556309966908,0.100449232128679,0.829701130789757
20,10,MSS-Constrained Modified Lie,0.0549350483531359,0.0408430146367715,0.0957780629899074,0.86225185916378
20,11,Linear Elfouhaily,0.0622693615822434,0.0410245211656441,0.103293882747888,0.811679455787792
20,11,Raw Modified Lie,0.0623762546229265,0.0410496893609711,0.103425943983898,0.811232405151663
20,11,MSS-Constrained Modified Lie,0.0550651672870921,0.0408476995147023,0.0959128668017943,0.861281898704284
20,12,Linear Elfouhaily,0.0626906133188821,0.040693039033559,0.103383652352441,0.805672987951884
20,12,Raw Modified Lie,0.0627726413448782,0.040709628458976,0.103482269803854,0.805310511298028
20,12,MSS-Constrained Modified Lie,0.0550826110136511,0.0408307131972938,0.0959133242109449,0.860966441030293
20,13,Linear Elfouhaily,0.0613471536254192,0.0406497860860955,0.101996939711515,0.814014092577402
20,13,Raw Modified Lie,0.0614366557400615,0.0406676874877238,0.102104343227785,0.813600028622014
20,13,MSS-Constrained Modified Lie,0.0550233941513755,0.0408286088814028,0.0958520030327783,0.861407409570302
20,14,Linear Elfouhaily,0.0644242936712041,0.0406865908385434,0.105110884509747,0.794695617207085
20,14,Raw Modified Lie,0.0644973673937153,0.0407084846173066,0.105205852011022,0.794458971737189
20,14,MSS-Constrained Modified Lie,0.0551573125403943,0.0408306558343354,0.0959879683747297,0.860382620254405
20,15,Linear Elfouhaily,0.061862392846598,0.0394314722467168,0.101293865093315,0.798377224066926
20,15,Raw Modified Lie,0.0619368436774264,0.0394511354852735,0.1013879791627,0.798096155749336
20,15,MSS-Constrained Modified Lie,0.055045706697294,0.0407666555914877,0.0958123622887817,0.860579142979388
20,16,Linear Elfouhaily,0.0650277461354419,0.040280098500665,0.105307844636107,0.78703837975349
20,16,Raw Modified Lie,0.0651155889719819,0.0403062442685138,0.105421833240496,0.786762550796372
20,16,MSS-Constrained Modified Lie,0.0551836276820856,0.0408103881671827,0.0959940158492683,0.859963937122931
20,17,Linear Elfouhaily,0.0643667770031855,0.0407702692896021,0.105137046292788,0.795867752890409
20,17,Raw Modified Lie,0.0644448723029331,0.0407914282937914,0.105236300596724,0.795591752510438
20,17,MSS-Constrained Modified Lie,0.0551550670160759,0.0408348114439482,0.095989878460024,0.860443917655661
20,18,Linear Elfouhaily,0.0652677178424262,0.0412875225704546,0.106555240412881,0.795353503325555
20,18,Raw Modified Lie,0.065358312452674,0.0413105583083484,0.106668870761022,0.795023776464898
20,18,MSS-Constrained Modified Lie,0.0551938945810326,0.0408606397620704,0.096054534343103,0.860413193522752
20,19,Linear Elfouhaily,0.0644083225534833,0.0407771764073019,0.105185498960785,0.795678422239207
20,19,Raw Modified Lie,0.0644812896668466,0.0407886051571713,0.105269894824018,0.7953395321811
20,19,MSS-Constrained Modified Lie,0.0551566249857993,0.0408346701323462,0.0959912951181455,0.860430276605798
20,20,Linear Elfouhaily,0.0637054663180738,0.0408492470380758,0.10455471335615,0.800762410678009
20,20,Raw Modified Lie,0.0637919134680888,0.0408712159926735,0.104663129460762,0.800434805432764
20,20,MSS-Constrained Modified Lie,0.055126989946083,0.0408388013659932,0.0959657913120762,0.860705054948163
22,1,Linear Elfouhaily,0.0663979175754977,0.0430302100019961,0.109428127577494,0.805025251697384
22,1,Raw Modified Lie,0.066487493378483,0.0430573031027247,0.109544796481208,0.804736003891295
22,1,MSS-Constrained Modified Lie,0.0583741683582239,0.043267535657174,0.101641704015398,0.860935720005225
22,2,Linear Elfouhaily,0.0659784433345728,0.0418842793055561,0.107862722640129,0.796754437826054
22,2,Raw Modified Lie,0.0660636540576143,0.0419020832770809,0.107965737334695,0.796409647184718
22,2,MSS-Constrained Modified Lie,0.0583555058287082,0.0432087397700735,0.101564245598782,0.860488124315144
22,3,Linear Elfouhaily,0.0655874703212972,0.0414960516577135,0.107083521979011,0.795413481286143
22,3,Raw Modified Lie,0.0656799245698037,0.0415174144438016,0.107197339013605,0.795058027709846
22,3,MSS-Constrained Modified Lie,0.0583385110491107,0.0431888195570363,0.101527330606147,0.860415046902541
22,4,Linear Elfouhaily,0.066375702495517,0.0427636674967596,0.109139369992277,0.802662376831797
22,4,Raw Modified Lie,0.0664758464165582,0.0427849686352612,0.109260815051819,0.802257288022212
22,4,MSS-Constrained Modified Lie,0.0583736570302584,0.0432538111696406,0.101627468199899,0.860802934625125
22,5,Linear Elfouhaily,0.0659908643622037,0.0429083412330994,0.108899205595303,0.806359959609711
22,5,Raw Modified Lie,0.0660738888642913,0.0429290685168044,0.109002957381096,0.806047802521563
22,5,MSS-Constrained Modified Lie,0.0583559578271499,0.0432610834894391,0.101617041316589,0.861005836213992
22,6,Linear Elfouhaily,0.0666242382856914,0.041759114419085,0.108383352704776,0.791697934045316
22,6,Raw Modified Lie,0.0667208827295418,0.0417807573019333,0.108501640031475,0.791329328622068
22,6,MSS-Constrained Modified Lie,0.0583843967816754,0.0432024756828166,0.101586872464492,0.860212835400582
22,7,Linear Elfouhaily,0.0657048517550568,0.0414627458931425,0.107167597648199,0.794383674207034
22,7,Raw Modified Lie,0.0658003748218531,0.0414880592616101,0.107288434083463,0.794049133435482
22,7,MSS-Constrained Modified Lie,0.0583438557374313,0.0431872921959541,0.101531147933385,0.860360422494771
22,8,Linear Elfouhaily,0.0681066693818446,0.0422667053010683,0.110373374682913,0.78777895846038
22,8,Raw Modified Lie,0.0681988177444881,0.0422876811390145,0.110486498883503,0.787441886455606
22,8,MSS-Constrained Modified Lie,0.0584483897179166,0.0432285344926607,0.101676924210577,0.860001048999648
22,9,Linear Elfouhaily,0.06770075927259,0.0430873745389817,0.110788133811572,0.797771002084494
22,9,Raw Modified Lie,0.0677647201049626,0.0431071052513629,0.110871825356325,0.797576970481837
22,9,MSS-Constrained Modified Lie,0.0584297315212738,0.0432700365491286,0.101699768070402,0.860551142710895
22,10,Linear Elfouhaily,0.0630724705688651,0.0426540725302071,0.105726543099072,0.822356879986642
22,10,Raw Modified Lie,0.0631670178145275,0.0426714444373264,0.105838462251854,0.821908525090831
22,10,MSS-Constrained Modified Lie,0.0582248297095105,0.0432480655142944,0.101472895223805,0.861845125424155
22,11,Linear Elfouhaily,0.0664378764940662,0.0426762611861838,0.10911413768025,0.801466382753687
22,11,Raw Modified Lie,0.0665444023630846,0.0427013415246126,0.109245743887697,0.801059905606786
22,11,MSS-Constrained Modified Lie,0.0583766655683018,0.0432495800647078,0.10162624563301,0.860738650900969
22,12,Linear Elfouhaily,0.0675493561024839,0.0425578523862541,0.110107208488738,0.793741788009041
22,12,Raw Modified Lie,0.0676310847734824,0.0425743786149482,0.110205463388431,0.793416051395066
22,12,MSS-Constrained Modified Lie,0.0584239648036435,0.0432431413177542,0.101667106121398,0.860326111953344
22,13,Linear Elfouhaily,0.0653741403955909,0.0424293001037148,0.107803440499306,0.805619441555061
22,13,Raw Modified Lie,0.0654633268366209,0.0424471355442785,0.107910462380899,0.805239662049763
22,13,MSS-Constrained Modified Lie,0.0583288765790387,0.0432366700351316,0.10156554661417,0.860962653585977
22,14,Linear Elfouhaily,0.0685143132695163,0.0423956793300351,0.110909992599551,0.786629347075537
22,14,Raw Modified Lie,0.0685871165275173,0.0424174960085365,0.111004612536054,0.786414008960421
22,14,MSS-Constrained Modified Lie,0.0584649840565952,0.0432351599920466,0.101700144048642,0.859944884582883
22,15,Linear Elfouhaily,0.0658664137328526,0.0413171845466481,0.107183598279501,0.792014898423825
22,15,Raw Modified Lie,0.0659405889823271,0.0413367763929798,0.107277365375307,0.791756963759354
22,15,MSS-Constrained Modified Lie,0.05835006570657,0.0431794045762369,0.101529470282807,0.860236072428983
22,16,Linear Elfouhaily,0.0687410581975394,0.0417934379708576,0.110534496168397,0.779733049333824
22,16,Raw Modified Lie,0.0688285870248392,0.0418194927933183,0.110648079818158,0.77947995886293
22,16,MSS-Constrained Modified Lie,0.0584752585910228,0.043204477480673,0.101679736071696,0.859564167883776
22,17,Linear Elfouhaily,0.068400725955618,0.042467275476741,0.110868001432359,0.787946705754937
22,17,Raw Modified Lie,0.0684785369197606,0.0424883588428006,0.110966895762561,0.787694370660303
22,17,MSS-Constrained Modified Lie,0.0584603528052412,0.0432387685706881,0.101699121375929,0.860014834373585
22,18,Linear Elfouhaily,0.0699450743345294,0.043077638489065,0.113022712823594,0.784779004404368
22,18,Raw Modified Lie,0.0700353482493545,0.0431005928782059,0.11313594112756,0.784481986880583
22,18,MSS-Constrained Modified Lie,0.0585260983739017,0.0432697096762776,0.101795808050179,0.85983912766568
22,19,Linear Elfouhaily,0.0691352609809282,0.0425123560826851,0.111647617063613,0.784165595352596
22,19,Raw Modified Lie,0.0692079585515579,0.0425237364262033,0.111731694977761,0.783858531126862
22,19,MSS-Constrained Modified Lie,0.0584913318364251,0.0432405679794122,0.101731899815837,0.859804947523132
22,20,Linear Elfouhaily,0.0676882104739773,0.0425785439123188,0.110266754386296,0.793119972515917
22,20,Raw Modified Lie,0.0677743438205004,0.04260043396029,0.11037477778079,0.79281955006005
22,20,MSS-Constrained Modified Lie,0.0584301463928953,0.0432444641645152,0.101674610557411,0.86029376013568
24,1,Linear Elfouhaily,0.0704585903917506,0.0445482583941692,0.11500684878592,0.795148767005395
24,1,Raw Modified Lie,0.0705482009457699,0.0445752675125507,0.115123468458321,0.794884461598195
24,1,MSS-Constrained Modified Lie,0.0614083862064883,0.0454604987266676,0.106868884933156,0.860405654230758
24,2,Linear Elfouhaily,0.0693948114672796,0.0434203577875279,0.112815169254808,0.791012230932669
24,2,Raw Modified Lie,0.0694795794621921,0.0434381221514002,0.112917701613592,0.790691245905833
24,2,MSS-Constrained Modified Lie,0.0613615393878502,0.0454017977864749,0.106763337174325,0.860178140788384
24,3,Linear Elfouhaily,0.0697647903752165,0.0429574285388351,0.112722218914052,0.78469519152633
24,3,Raw Modified Lie,0.0698567211359021,0.042978691570314,0.112835412706216,0.784372747994453
24,3,MSS-Constrained Modified Lie,0.0613781504090285,0.0453776663402172,0.106755816749246,0.859833140652375
24,4,Linear Elfouhaily,0.0698736835292384,0.0443054516018121,0.114179135131051,0.796290921824468
24,4,Raw Modified Lie,0.0699732276495731,0.0443266351623043,0.114299862811877,0.795914522590259
24,4,MSS-Constrained Modified Lie,0.0613832646595552,0.0454477865131387,0.106831051172694,0.860461368317113
24,5,Linear Elfouhaily,0.0701668848915761,0.044439059410772,0.114605944302348,0.795822715085774
24,5,Raw Modified Lie,0.0702497478783906,0.0444597118274868,0.114709459705877,0.795538013884867
24,5,MSS-Constrained Modified Lie,0.0613953706714648,0.0454545989318035,0.106849969603268,0.860441011607617
24,6,Linear Elfouhaily,0.070569156383361,0.0432052083135586,0.11377436469692,0.78245719580531
24,6,Raw Modified Lie,0.0706658376830824,0.0432267482924403,0.113892585975523,0.782116643574498
24,6,MSS-Constrained Modified Lie,0.0614135019760217,0.045390725708529,0.106804227684551,0.859709313768254
24,7,Linear Elfouhaily,0.0692743168179268,0.0429932933219211,0.112267610139848,0.787796833974667
24,7,Raw Modified Lie,0.0693691924138612,0.0430185920114027,0.112387784425264,0.787489508822163
24,7,MSS-Constrained Modified Lie,0.0613566612378286,0.0453797717916465,0.106736433029475,0.860003649452421
24,8,Linear Elfouhaily,0.0723179145237617,0.0440047189799413,0.116322633503703,0.780057611923176
24,8,Raw Modified Lie,0.0724094795674278,0.0440256130233248,0.116435092590753,0.779749298863941
24,8,MSS-Constrained Modified Lie,0.0614883952152174,0.0454323047197461,0.106920699934963,0.859579016054088
24,9,Linear Elfouhaily,0.0711754025214962,0.0445195667815588,0.115694969303055,0.790879828303484
24,9,Raw Modified Lie,0.0712393687851405,0.0445393201091214,0.115778688894262,0.790700039066471
24,9,MSS-Constrained Modified Lie,0.0614383283125822,0.0454586649595367,0.106896993272119,0.860178619081564
24,10,Linear Elfouhaily,0.0665714979340064,0.0440431454411148,0.110614643375121,0.813382827555927
24,10,Raw Modified Lie,0.0666655648906294,0.0440605278123372,0.110726092702967,0.812969150677419
24,10,MSS-Constrained Modified Lie,0.0612348227982877,0.0454341055601955,0.106668928358483,0.861373999837019
24,11,Linear Elfouhaily,0.070479660605939,0.0440738032708551,0.114553463876794,0.790784889944793
24,11,Raw Modified Lie,0.0705853047519884,0.0440987133366819,0.11468401808867,0.790416162359532
24,11,MSS-Constrained Modified Lie,0.0614100006458476,0.0454360735476734,0.106846074193521,0.860163175404236
24,12,Linear Elfouhaily,0.0722241624572062,0.0442124177828734,0.11643658024008,0.78240366378363
24,12,Raw Modified Lie,0.0723053144831469,0.0442286978843897,0.116534012367537,0.782108430338187
24,12,MSS-Constrained Modified Lie,0.0614839694655828,0.0454427605163534,0.106926729981936,0.859708862363017
24,13,Linear Elfouhaily,0.0691404116137155,0.0440112897093056,0.113151701323021,0.797840480009769
24,13,Raw Modified Lie,0.0692292793698331,0.0440290390196029,0.113258318389436,0.797488993449714
24,13,MSS-Constrained Modified Lie,0.0613504676869445,0.0454324814863406,0.106782949173285,0.86054639629109
24,14,Linear Elfouhaily,0.0723753438195072,0.043955832969372,0.116331176788879,0.779314823783609
24,14,Raw Modified Lie,0.0724477243848745,0.0439775454881758,0.11642526987305,0.779117786399737
24,14,MSS-Constrained Modified Lie,0.0614900186371006,0.0454298232639451,0.106919841901046,0.859544194361964
24,15,Linear Elfouhaily,0.0696276318522076,0.0429502690923075,0.112577900944515,0.78540223423413
24,15,Raw Modified Lie,0.0697016171482245,0.0429697879465854,0.11267140509481,0.785163637039113
24,15,MSS-Constrained Modified Lie,0.0613713292681935,0.0453771962637507,0.106748525531944,0.859876468721028
24,16,Linear Elfouhaily,0.0722443950173821,0.0430487758794945,0.115293170896877,0.771930718872704
24,16,Raw Modified Lie,0.0723315260008724,0.0430747211655983,0.115406247166471,0.77169808688191
24,16,MSS-Constrained Modified Lie,0.0614850837064433,0.0453827304553428,0.106867814161786,0.85913305058909
24,17,Linear Elfouhaily,0.0722143227333836,0.0439645582149826,0.116178880948366,0.780260614533778
24,17,Raw Modified Lie,0.0722921996443691,0.0439855956672212,0.11627779531159,0.780026790772996
24,17,MSS-Constrained Modified Lie,0.0614834118151299,0.0454302390288678,0.106913650843998,0.859594308527669
24,18,Linear Elfouhaily,0.0743096362038807,0.0445530222454684,0.118862658449349,0.774312048858644
24,18,Raw Modified Lie,0.074399780849585,0.0445759180704357,0.118975698920021,0.774041632312243
24,18,MSS-Constrained Modified Lie,0.0615718170194608,0.0454605319003113,0.107032348919772,0.859263316473491
24,19,Linear Elfouhaily,0.0736797049596844,0.0439450251660394,0.117624730125724,0.772290903869382
24,19,Raw Modified Lie,0.0737519042341771,0.0439563427828008,0.117708247016978,0.772012187959156
24,19,MSS-Constrained Modified Lie,0.0615448969924875,0.0454287278687763,0.106973624861264,0.859150531678011
24,20,Linear Elfouhaily,0.0714767077861428,0.0440405436399964,0.115517251426139,0.784953744065077
24,20,Raw Modified Lie,0.0715626485554387,0.0440623707962322,0.115625019351671,0.784676647028617
24,20,MSS-Constrained Modified Lie,0.0614522385159023,0.0454342005802342,0.106886439096136,0.859849794366121
26,1,Linear Elfouhaily,0.0744098737946681,0.0459003879018107,0.120310261696479,0.785403611434431
26,1,Raw Modified Lie,0.0744987924025274,0.0459272889455043,0.120426081348032,0.785164740629549
26,1,MSS-Constrained Modified Lie,0.0642086874060948,0.0474751101944566,0.111683797600551,0.859876529151158
26,2,Linear Elfouhaily,0.0726467399779022,0.0447279119600634,0.117374651937966,0.784659517998983
26,2,Raw Modified Lie,0.0727313257680011,0.0447455791297688,0.11747690489777,0.784357971459195
26,2,MSS-Constrained Modified Lie,0.0641316487758664,0.0474132742390513,0.111544923014918,0.859832330739713
26,3,Linear Elfouhaily,0.0738632580213448,0.0442544075717375,0.118117665593082,0.774041125337741
26,3,Raw Modified Lie,0.073955035011671,0.0442756104949221,0.118230645506593,0.773745979877758
26,3,MSS-Constrained Modified Lie,0.0641851732187849,0.0473882497724616,0.111573422991246,0.859246903312786
26,4,Linear Elfouhaily,0.0731651598341846,0.0456404284844999,0.118805588318685,0.789810119160066
26,4,Raw Modified Lie,0.0732645740794806,0.0456615726732511,0.118926146752732,0.789456887593125
26,4,MSS-Constrained Modified Lie,0.0641550771678672,0.0474613387437226,0.11161641591159,0.860110949190194
26,5,Linear Elfouhaily,0.0742294783511122,0.0458061173175354,0.120035595668648,0.78554946332245
26,5,Raw Modified Lie,0.0743118838949473,0.0458266904471044,0.120138574342052,0.785290080056142
26,5,MSS-Constrained Modified Lie,0.0642006231980046,0.047469905335837,0.111670528533842,0.859883391931291
26,6,Linear Elfouhaily,0.0742777472054489,0.0444175907425757,0.118695337948025,0.773300226575186
26,6,Raw Modified Lie,0.0743737061951703,0.0444390780718391,0.118812784267009,0.772988100478653
26,6,MSS-Constrained Modified Lie,0.0642032926651291,0.0473969824468251,0.111600275111954,0.859204802370336
26,7,Linear Elfouhaily,0.0727391581361934,0.0443324194456879,0.117071577581881,0.780686342224215
26,7,Raw Modified Lie,0.0728339847190794,0.044357550141008,0.117191534860087,0.780399065598915
26,7,MSS-Constrained Modified Lie,0.0641361717772768,0.0473926309284373,0.111528802705714,0.859614816336072
26,8,Linear Elfouhaily,0.0762842530455437,0.0454681612228477,0.121752414268391,0.772033679504158
26,8,Raw Modified Lie,0.0763757302847334,0.0454889818358411,0.121864712120575,0.771747835669571
26,8,MSS-Constrained Modified Lie,0.0642886193490673,0.0474523529217809,0.111740972270848,0.859135819775621
26,9,Linear Elfouhaily,0.0744804281762024,0.0456828827958361,0.120163310972038,0.783169324830611
26,9,Raw Modified Lie,0.0745438786493146,0.0457024634658582,0.120246342115173,0.783003695934994
26,9,MSS-Constrained Modified Lie,0.0642106297844628,0.0474634629661205,0.111674092750583,0.859758040300636
26,10,Linear Elfouhaily,0.069934088997145,0.0451855122531995,0.115119601250345,0.803813219121112
26,10,Raw Modified Lie,0.0700279428519068,0.0452027482351409,0.115230691087048,0.803427579094749
26,10,MSS-Constrained Modified Lie,0.0640103053120723,0.0474373787231991,0.111447684035271,0.860865675882824
26,11,Linear Elfouhaily,0.0743856386201423,0.0452890332263395,0.119674671846482,0.780282698154247
26,11,Raw Modified Lie,0.0744914102255784,0.0453139330875054,0.119805343313084,0.779942850603734
26,11,MSS-Constrained Modified Lie,0.0642083692652306,0.0474432059856115,0.111651575250842,0.859589683162163
26,12,Linear Elfouhaily,0.076665459277829,0.0456507555108225,0.122316214788651,0.771656668885224
26,12,Raw Modified Lie,0.0767465731519477,0.0456671519652464,0.122413725117194,0.77138726988805
26,12,MSS-Constrained Modified Lie,0.064304191156206,0.0474616286869771,0.111765819843183,0.859115745618552
26,13,Linear Elfouhaily,0.0726906990509547,0.0454225549580265,0.118113254008981,0.790489957258894
26,13,Raw Modified Lie,0.072779237103198,0.045440254936141,0.118219492039339,0.790162891854372
26,13,MSS-Constrained Modified Lie,0.0641337604326132,0.0474498101265338,0.111583570559147,0.860149392340503
26,14,Linear Elfouhaily,0.076057726100206,0.0453962068544378,0.121453932954644,0.772570488662812
26,14,Raw Modified Lie,0.0761299739337584,0.0454178651551199,0.121547839088878,0.772387999774902
26,14,MSS-Constrained Modified Lie,0.0642782603416281,0.0474486408553792,0.111726901197007,0.859171438361312
26,15,Linear Elfouhaily,0.0731977012573273,0.0444080410204503,0.117605742277778,0.7789006863404
26,15,Raw Modified Lie,0.0732713105689621,0.0444274862393443,0.117698796808306,0.778679767802395
26,15,MSS-Constrained Modified Lie,0.0641553720997177,0.0473963642004629,0.111551736300181,0.859520026198508
26,16,Linear Elfouhaily,0.0756614281049358,0.0441507053224308,0.119812133427367,0.763891285884027
26,16,Raw Modified Lie,0.0757483119964397,0.0441765733189003,0.11992488531534,0.76367668729685
26,16,MSS-Constrained Modified Lie,0.0642621095570349,0.0473829441514344,0.111645053708469,0.858684318956236
26,17,Linear Elfouhaily,0.0758324768602755,0.0452731520265321,0.121105628886808,0.772667678198727
26,17,Raw Modified Lie,0.0759097038755736,0.0452940800281139,0.121203783903688,0.772453015520819
26,17,MSS-Constrained Modified Lie,0.0642689485878283,0.0474421664721623,0.111711115059991,0.859175054253754
26,18,Linear Elfouhaily,0.0784211548477614,0.0457988946518945,0.124220049499656,0.764206771349971
26,18,Raw Modified Lie,0.0785107700693727,0.0458216819413928,0.124332452010765,0.763960483065126
26,18,MSS-Constrained Modified Lie,0.0643773050074783,0.0474696459175447,0.111846950925023,0.8587002712548
26,19,Linear Elfouhaily,0.0779963551420803,0.0451245389608699,0.12312089410295,0.760622616774631
26,19,Raw Modified Lie,0.0780684992078732,0.0451358199575966,0.12320431916547,0.760366111942076
26,19,MSS-Constrained Modified Lie,0.0643591236343935,0.0474338644046877,0.111792988039081,0.858497812718786
26,20,Linear Elfouhaily,0.075165852253264,0.0452956821703504,0.120461534423614,0.776279485500013
26,20,Raw Modified Lie,0.0752513411308053,0.0453174101480161,0.120568751278821,0.776024475590029
26,20,MSS-Constrained Modified Lie,0.0642409629809056,0.0474433880012461,0.111684350982152,0.859373240456108
28,1,Linear Elfouhaily,0.0782343543984399,0.0470973920996788,0.125331746498119,0.775889149339922
28,1,Raw Modified Lie,0.0783229531350368,0.0471241996462208,0.125447152781258,0.775670842541316
28,1,MSS-Constrained Modified Lie,0.0668082000724969,0.049337101166188,0.116145301238685,0.859353655469432
28,2,Linear Elfouhaily,0.0758020355457483,0.0458664779669131,0.121668513512661,0.777870429399388
28,2,Raw Modified Lie,0.0758863171688766,0.0458840785639765,0.121770395732853,0.777587497312866
28,2,MSS-Constrained Modified Lie,0.0667027120886061,0.0492713577396289,0.115974069828235,0.859459702654489
28,3,Linear Elfouhaily,0.0778769442318017,0.0454213764421878,0.123298320673989,0.763705106229504
28,3,Raw Modified Lie,0.0779683915829088,0.0454425015583705,0.123410893141279,0.763434580397588
28,3,MSS-Constrained Modified Lie,0.066793045699677,0.0492475399102866,0.116040585609964,0.858670705557127
28,4,Linear Elfouhaily,0.0763110475468107,0.0468106360219873,0.123121683568798,0.783210612172386
28,4,Raw Modified Lie,0.0764101066204344,0.0468317038195632,0.123241810439998,0.782878878706597
28,4,MSS-Constrained Modified Lie,0.066725657028946,0.0493217442846703,0.116047401313616,0.859751187156604
28,5,Linear Elfouhaily,0.078202187546671,0.0470292811074113,0.125231468654082,0.775487352411026
28,5,Raw Modified Lie,0.0782842918517668,0.0470497792106912,0.125334071062458,0.775249475706325
28,5,MSS-Constrained Modified Lie,0.0668065508136014,0.0493332024838846,0.116139753297486,0.859330308156506
28,6,Linear Elfouhaily,0.0777760261521126,0.0454463313536898,0.123222357505802,0.764410317847118
28,6,Raw Modified Lie,0.0778716514677017,0.0454677429640716,0.123339394431773,0.764120771567206
28,6,MSS-Constrained Modified Lie,0.0667888995462957,0.0492489072968011,0.116037806843097,0.858709278662109
28,7,Linear Elfouhaily,0.0761222942785513,0.0454963535101907,0.121618647788742,0.773094102492564
28,7,Raw Modified Lie,0.0762167818642033,0.0455213952835896,0.121738177147793,0.772827342430919
28,7,MSS-Constrained Modified Lie,0.0667172057583549,0.0492518113756525,0.115969017134007,0.859195867062466
28,8,Linear Elfouhaily,0.0799973383168401,0.0466919711360199,0.12668930945286,0.763982367909461
28,8,Raw Modified Lie,0.0800884889132435,0.0467127162020075,0.126801205115251,0.76371709276413
28,8,MSS-Constrained Modified Lie,0.0668827041048422,0.0493154710010472,0.116198175105889,0.858686590511057
28,9,Linear Elfouhaily,0.0776704548940316,0.0466311098597847,0.124301564753816,0.774836287708434
28,9,Raw Modified Lie,0.0777336570659286,0.0466506175123463,0.124384274578275,0.774683218852573
28,9,MSS-Constrained Modified Lie,0.0667829768126289,0.04931219099313,0.116095167805759,0.859298913708781
28,10,Linear Elfouhaily,0.0731830782190435,0.0461566048782749,0.119339683097318,0.794166551593027
28,10,Raw Modified Lie,0.073276594579673,0.0461737747224724,0.119450369302145,0.793807231369607
28,10,MSS-Constrained Modified Lie,0.0665861005826794,0.0492868653968389,0.115872965979518,0.860347315428886
28,11,Linear Elfouhaily,0.0781253646167965,0.0463718561981136,0.12449722081491,0.770426498213165
28,11,Raw Modified Lie,0.0782307690432437,0.0463966682056963,0.12462743724894,0.770113253314119
28,11,MSS-Constrained Modified Lie,0.0668042662965658,0.0492987342663016,0.116103000562867,0.859044744493178
28,12,Linear Elfouhaily,0.0808465889476297,0.0468891738184194,0.127735762766049,0.761562305213921
28,12,Raw Modified Lie,0.0809274036108995,0.0469055071235622,0.127832910734462,0.76131452250488
28,12,MSS-Constrained Modified Lie,0.0669175602981482,0.0493256277496328,0.116243188047781,0.858551321573051
28,13,Linear Elfouhaily,0.0760471900143574,0.0466814265444602,0.122728616558818,0.783484617133702
28,13,Raw Modified Lie,0.0761354124701935,0.0466990605992663,0.12283447306946,0.783178433499765
28,13,MSS-Constrained Modified Lie,0.0667136425709823,0.0493147500774265,0.116028392648409,0.859767632599139
28,14,Linear Elfouhaily,0.0795765542394751,0.0467063192436542,0.126282873483129,0.766117277824377
28,14,Raw Modified Lie,0.0796485317782625,0.0467279004500675,0.12637643222833,0.765947929870306
28,14,MSS-Constrained Modified Lie,0.066864285365571,0.0493162723917727,0.116180557757344,0.858811829104381
28,15,Linear Elfouhaily,0.0766219540824083,0.0457294436079371,0.122351397690345,0.772540661074474
28,15,Raw Modified Lie,0.0766952879793832,0.0457488174644512,0.122444105443834,0.77233478454651
28,15,MSS-Constrained Modified Lie,0.0667380868377889,0.0492640852301961,0.116002172067985,0.85916847854703
28,16,Linear Elfouhaily,0.0790847083188164,0.0451661645854466,0.124250872904263,0.755719011422321
28,16,Raw Modified Lie,0.0791712783124827,0.0451919416366124,0.124363219949095,0.755521228952479
28,16,MSS-Constrained Modified Lie,0.0668441956086602,0.0492339272203791,0.116078122829039,0.858223473663918
28,17,Linear Elfouhaily,0.0792888060900932,0.0464098601072044,0.125698666197298,0.765066508019285
28,17,Raw Modified Lie,0.079365748909835,0.0464307124865105,0.125796461396346,0.764867336163394
28,17,MSS-Constrained Modified Lie,0.0668523956075568,0.0493005423220635,0.11615293792962,0.858751208200017
28,18,Linear Elfouhaily,0.0823127033067818,0.0468783053579206,0.129191008664702,0.754662064467775
28,18,Raw Modified Lie,0.0824019979228176,0.0469010113106536,0.129303009233471,0.754435702981303
28,18,MSS-Constrained Modified Lie,0.0669780047092902,0.0493253913500026,0.116303396059293,0.858161777166253
28,19,Linear Elfouhaily,0.0820449752292932,0.0461024611408694,0.128147436370163,0.749611190257046
28,19,Raw Modified Lie,0.0821168499504515,0.0461136938213224,0.128230543771774,0.7493743353038
28,19,MSS-Constrained Modified Lie,0.066966396916877,0.0492836568319436,0.116250053748821,0.857872993496277
28,20,Linear Elfouhaily,0.0788075922548017,0.0464000508099331,0.125207643064735,0.767317668527603
28,20,Raw Modified Lie,0.0788927674849384,0.0464216999053923,0.125314467390331,0.767082233987358
28,20,MSS-Constrained Modified Lie,0.0668324186031138,0.0493000637960129,0.116132482399127,0.858875375799969
30,1,Linear Elfouhaily,0.0819121564801854,0.0481440829886662,0.130056239468852,0.766650246565868
30,1,Raw Modified Lie,0.082000446516607,0.0481708002922244,0.130171246808831,0.766449988727049
30,1,MSS-Constrained Modified Lie,0.0692329305395131,0.0510666310933844,0.120299561632897,0.858839966780544
30,2,Linear Elfouhaily,0.0789107225765636,0.046886135697945,0.125796858274509,0.770822192829077
30,2,Raw Modified Lie,0.0789947106562774,0.0469036720550816,0.125898382711359,0.770556371742364
30,2,MSS-Constrained Modified Lie,0.0691037801292428,0.0509986121037845,0.120102392233027,0.859069452194003
30,3,Linear Elfouhaily,0.0817697155268132,0.0464755172854314,0.128245232812245,0.753903696475707
30,3,Raw Modified Lie,0.08186084474911,0.0464965673136711,0.128357412062781,0.753654566251152
30,3,MSS-Constrained Modified Lie,0.0692270324838829,0.0509763879807155,0.120203420464598,0.858117328607846
30,4,Linear Elfouhaily,0.0793419709963829,0.0478383543322665,0.127180325328649,0.77649135187496
30,4,Raw Modified Lie,0.0794406872872186,0.0478593484067043,0.127300035693923,0.77617901050129
30,4,MSS-Constrained Modified Lie,0.0691232348033993,0.0510500714237339,0.120173306227133,0.859381796282078
30,5,Linear Elfouhaily,0.082089361785399,0.0481131809156947,0.130202542701094,0.765576502952744
30,5,Raw Modified Lie,0.0821711753856933,0.0481336066157334,0.130304782001427,0.765357694147442
30,5,MSS-Constrained Modified Lie,0.069240130735679,0.0510646588895831,0.120304789625262,0.858778727176923
30,6,Linear Elfouhaily,0.0810844740901104,0.0463425740653543,0.127427048155465,0.755999005558199
30,6,Raw Modified Lie,0.0811797773541517,0.0463639125971906,0.127543689951342,0.755729040599198
30,6,MSS-Constrained Modified Lie,0.0691981202398209,0.0509691063255739,0.120167226565395,0.858235275154662
30,7,Linear Elfouhaily,0.0794350144810392,0.0465020196748794,0.125937034155919,0.765120640968209
30,7,Raw Modified Lie,0.0795291749066866,0.0465269756256913,0.126056150532378,0.764872722768482
30,7,MSS-Constrained Modified Lie,0.0691270825272895,0.0509780543667222,0.120105136894012,0.858751510588283
30,8,Linear Elfouhaily,0.0834510604538465,0.0477226977412402,0.131173758195087,0.756217221031514
30,8,Raw Modified Lie,0.0835418958206761,0.0477433699019484,0.131285265722625,0.75596966999834
30,8,MSS-Constrained Modified Lie,0.0692974287456289,0.0510438787601305,0.120341307505759,0.858248936493561
30,9,Linear Elfouhaily,0.0807748178538881,0.0474180180227704,0.128192835876658,0.766185105308005
30,9,Raw Modified Lie,0.0808377804607878,0.0474374552155614,0.128275235676349,0.766043622399004
30,9,MSS-Constrained Modified Lie,0.0691835149834219,0.0510274756486922,0.120210990632114,0.858817193502916
30,10,Linear Elfouhaily,0.0763406831932374,0.0470177296958525,0.12335841288909,0.784788817851269
30,10,Raw Modified Lie,0.0764338738420503,0.047034835724935,0.123468709566985,0.784452913218974
30,10,MSS-Constrained Modified Lie,0.0689900083983726,0.0510057333968974,0.11999574179527,0.859837534314122
30,11,Linear Elfouhaily,0.0816731063601003,0.0473493948923423,0.129022501252443,0.761408427981831
30,11,Raw Modified Lie,0.0817781563913447,0.0473741221079013,0.129152278499246,0.76111788940038
30,11,MSS-Constrained Modified Lie,0.0692235344635745,0.0510240671818729,0.120247601645447,0.858540232836294
30,12,Linear Elfouhaily,0.0847718270816855,0.0479604723885997,0.132732299470285,0.752169907280955
30,12,Raw Modified Lie,0.084852352998306,0.0479767447595398,0.132829097757846,0.751940442766465
30,12,MSS-Constrained Modified Lie,0.069351378623624,0.0510563252912279,0.120407703914852,0.858019637265675
30,13,Linear Elfouhaily,0.0792184196755002,0.0478034246264533,0.127021844301953,0.776812880385206
30,13,Raw Modified Lie,0.0793063375493969,0.0478209950663958,0.127127332615793,0.776524848040136
30,13,MSS-Constrained Modified Lie,0.0691173850574035,0.0510480251292135,0.120165410186617,0.859400937717101
30,14,Linear Elfouhaily,0.0829288478626099,0.0478680164668168,0.130796864329427,0.759748585198682
30,14,Raw Modified Lie,0.083000564572831,0.0478895232666552,0.130890087839486,0.759590865781192
30,14,MSS-Constrained Modified Lie,0.0692749078223724,0.0510516802709746,0.120326588093347,0.858454026596662
30,15,Linear Elfouhaily,0.0799382731375693,0.0469240616773893,0.126862334814959,0.766161663535319
30,15,Raw Modified Lie,0.0800113412628793,0.0469433666669035,0.126954707929783,0.765969260536472
30,15,MSS-Constrained Modified Lie,0.0691479774654255,0.051000769244886,0.120148746710311,0.858813024928888
30,16,Linear Elfouhaily,0.0825505155384807,0.0461246199756877,0.128675135514168,0.74749192526415
30,16,Raw Modified Lie,0.0826367826009426,0.0461503092503066,0.128787091851249,0.747309680084433
30,16,MSS-Constrained Modified Lie,0.0692596949272584,0.0509573395571069,0.120217034484365,0.857754659172117
30,17,Linear Elfouhaily,0.0826195123423263,0.0474059447441475,0.130025457086474,0.757486835159446
30,17,Raw Modified Lie,0.0826961809071946,0.0474267241408855,0.13012290504808,0.757301535468805
30,17,MSS-Constrained Modified Lie,0.0692621832287803,0.051026898427068,0.120289081655848,0.858324476338523
30,18,Linear Elfouhaily,0.0859959639280388,0.0478331051142745,0.133829069042313,0.745804934893625
30,18,Raw Modified Lie,0.0860849491321747,0.0478557325678805,0.133940681700055,0.745595658943129
30,18,MSS-Constrained Modified Lie,0.0694014054755766,0.0510498785716987,0.120451284047275,0.857656185020247
30,19,Linear Elfouhaily,0.0858099376072577,0.0469268294922133,0.132736767099471,0.739506189729732
30,19,Raw Modified Lie,0.0858815524274987,0.0469380155677498,0.132819567995249,0.739285893138131
30,19,MSS-Constrained Modified Lie,0.0693931973717537,0.051000478548915,0.120393675920669,0.857291813020716
30,20,Linear Elfouhaily,0.0824097450539294,0.0473968036634807,0.12980654871741,0.758377155102523
30,20,Raw Modified Lie,0.0824946176095004,0.0474183766328444,0.129912994242345,0.758159417645664
30,20,MSS-Constrained Modified Lie,0.0692537324740094,0.0510264493310491,0.120280181805059,0.858373066319637
32,1,Linear Elfouhaily,0.0854349751394852,0.0490528112120947,0.13448778635158,0.757729337097456
32,1,Raw Modified Lie,0.0855233293966726,0.0490794541456672,0.13460278354234,0.757543475720683
32,1,MSS-Constrained Modified Lie,0.0715042581988265,0.0526803646514865,0.124184622850313,0.858338184995089
32,2,Linear Elfouhaily,0.0819971906833083,0.0478200386132607,0.129817229296569,0.763669550726707
32,2,Raw Modified Lie,0.0820807695695015,0.047837542018743,0.129918311588244,0.763420325502546
32,2,MSS-Constrained Modified Lie,0.0713575197754664,0.0526128986105136,0.12397041838598,0.858669903892541
32,3,Linear Elfouhaily,0.0854964429143191,0.0474272213568924,0.132923664271212,0.744800256357183
32,3,Raw Modified Lie,0.0855870855161045,0.0474481800489591,0.133035265565064,0.744570217581533
32,3,MSS-Constrained Modified Lie,0.0715069225130773,0.0525914038991397,0.124098326412217,0.857597168368516
32,4,Linear Elfouhaily,0.0822700693463676,0.0487390350687073,0.131009104415075,0.769692990862358
32,4,Raw Modified Lie,0.0823682261230099,0.048759920049191,0.131128146172201,0.769399032484746
32,4,MSS-Constrained Modified Lie,0.0713699941602313,0.0526631624931421,0.124033156653373,0.859004892036805
32,5,Linear Elfouhaily,0.0858805949791481,0.0490614612485738,0.134942056227722,0.755827548819749
32,5,Raw Modified Lie,0.0859622767193919,0.0490818199264761,0.135044096645868,0.755625097465844
32,5,MSS-Constrained Modified Lie,0.071522563343668,0.0526804916163686,0.124203054960037,0.858229372675899
32,6,Linear Elfouhaily,0.0842158015274509,0.04715077239885,0.131366573926301,0.74825152828048
32,6,Raw Modified Lie,0.0843111723353931,0.0471720162412358,0.131483188576629,0.747996654819029
32,6,MSS-Constrained Modified Lie,0.0714532409215808,0.0525760564734804,0.124029297395061,0.857794067107672
32,7,Linear Elfouhaily,0.0826832830379535,0.0473718351661492,0.130055118204103,0.756922209601584
32,7,Raw Modified Lie,0.0827768356795657,0.0473967848918888,0.130173620571455,0.756693548309643
32,7,MSS-Constrained Modified Lie,0.0713876550753836,0.0525885541216137,0.123976209196997,0.858290008603745
32,8,Linear Elfouhaily,0.0866498252713084,0.0486052021337474,0.135255027405056,0.748958115677573
32,8,Raw Modified Lie,0.0867401148260385,0.0486258004828445,0.135365915308883,0.748726811975194
32,8,MSS-Constrained Modified Lie,0.0715547840218633,0.0526559102198154,0.124210694241679,0.857835914504179
32,9,Linear Elfouhaily,0.0838030560791955,0.0480896472977293,0.131892703376925,0.757523077096268
32,9,Raw Modified Lie,0.0838660473510429,0.0481091136269968,0.13197516097804,0.757391784936996
32,9,MSS-Constrained Modified Lie,0.0714343314115216,0.0526277925428193,0.124062123954341,0.858329590479936
32,10,Linear Elfouhaily,0.0794339703931627,0.047808662235156,0.127242632628319,0.775800688088191
32,10,Raw Modified Lie,0.0795267177689005,0.0478257848079326,0.127352502576833,0.775487002787384
32,10,MSS-Constrained Modified Lie,0.0712448257304736,0.0526122519916235,0.123857077722097,0.859343470662671
32,11,Linear Elfouhaily,0.0850231848759165,0.0482359473613139,0.13325913223723,0.753211117623579
32,11,Raw Modified Lie,0.0851273976539015,0.0482605144419059,0.133387912095807,0.752941604086899
32,11,MSS-Constrained Modified Lie,0.0714876701813838,0.0526360612508361,0.12412373143222,0.858076721126586
32,12,Linear Elfouhaily,0.0884604201822747,0.0488982704876057,0.13735869066988,0.74348506742439
32,12,Raw Modified Lie,0.088540404361386,0.048914305617904,0.13745470997929,0.743271012733953
32,12,MSS-Constrained Modified Lie,0.0716283176018682,0.0526714871884208,0.124299804790289,0.857522284972778
32,13,Linear Elfouhaily,0.0822098387602744,0.0488029279528958,0.13101276671317,0.77047941663366
32,13,Raw Modified Lie,0.0822974715282485,0.048820419440362,0.131117890968611,0.770207080908327
32,13,MSS-Constrained Modified Lie,0.0713669275550374,0.0526664276882244,0.124033355243262,0.859049977323356
32,14,Linear Elfouhaily,0.0861101828264151,0.0488786283338346,0.13498881116025,0.753411507568158
32,14,Raw Modified Lie,0.0861815076843327,0.0489000393391014,0.135081547023434,0.753264604255513
32,14,MSS-Constrained Modified Lie,0.071531672570353,0.0526707189773296,0.124202391547683,0.858095122451725
32,15,Linear Elfouhaily,0.0831685072483109,0.0479906930352636,0.131159200283575,0.759624664451523
32,15,Raw Modified Lie,0.0832414133020455,0.048009932517942,0.131251345819987,0.759444122158001
32,15,MSS-Constrained Modified Lie,0.0714076347069502,0.0526223623855257,0.124029997092476,0.858445733697082
32,16,Linear Elfouhaily,0.0860453354440971,0.0470315706120562,0.133076906056153,0.739317651189165
32,16,Raw Modified Lie,0.0861312385272972,0.0470571600885238,0.133188398615821,0.73914988014576
32,16,MSS-Constrained Modified Lie,0.0715295857923218,0.0525696483536353,0.124099234145957,0.857283926151979
32,17,Linear Elfouhaily,0.0858492213858771,0.0482965273055905,0.134145748691468,0.750049234132694
32,17,Raw Modified Lie,0.0859259814952091,0.0483172683745363,0.134243249869745,0.749875105243123
32,17,MSS-Constrained Modified Lie,0.0715210531182872,0.0526391545001395,0.124160207618427,0.857901648114108
32,18,Linear Elfouhaily,0.0894823103308456,0.0486938662886896,0.138176176619535,0.737680893681594
32,18,Raw Modified Lie,0.0895711984021662,0.0487164434196534,0.13828764182182,0.737485685247023
32,18,MSS-Constrained Modified Lie,0.0716697838712704,0.0526608136510063,0.124330597522277,0.85718731411161
32,19,Linear Elfouhaily,0.0893031108322481,0.0476376176189477,0.136940728451196,0.730367976904793
32,19,Raw Modified Lie,0.0893742585857903,0.0476487462952335,0.137023004881024,0.730162480783713
32,19,MSS-Constrained Modified Lie,0.0716618966282295,0.0526024969900778,0.124264393618307,0.856759701805173
32,20,Linear Elfouhaily,0.0859470841449784,0.0483141134414245,0.134261197586403,0.749758561518719
32,20,Raw Modified Lie,0.0860317957225379,0.0483356315717347,0.134367427294273,0.749556206974662
32,20,MSS-Constrained Modified Lie,0.0715254543026376,0.0526401546070884,0.124165608909726,0.857883402500406
34,1,Linear Elfouhaily,0.0888148425395435,0.0498432853799298,0.138658127919473,0.749135806020932
34,1,Raw Modified Lie,0.0889025541204766,0.0498698335536541,0.138772387674131,0.748965546982059
34,1,MSS-Constrained Modified Lie,0.0736404362683143,0.0541924327655599,0.127832869033874,0.857849588680701
34,2,Linear Elfouhaily,0.0850708214789762,0.048688839656694,0.13375966113567,0.756526941988879
34,2,Raw Modified Lie,0.0851542595069471,0.0487062556594387,0.133860515166386,0.756291437831809
34,2,MSS-Constrained Modified Lie,0.0734819985503313,0.0541284995729563,0.127610498123288,0.858267197879876
34,3,Linear Elfouhaily,0.089024203389425,0.0482888901236808,0.137313093513106,0.736494594573547
34,3,Raw Modified Lie,0.0891147364835798,0.0483097994544282,0.137424535938008,0.736279745812806
34,3,MSS-Constrained Modified Lie,0.0736492141462222,0.054106384352158,0.12775559849838,0.857117175818116
34,4,Linear Elfouhaily,0.0851015655517016,0.0495305040459646,0.134632069597666,0.762899972107253
34,4,Raw Modified Lie,0.0851996394804146,0.0495513599757829,0.134750999456198,0.762621264511089
34,4,MSS-Constrained Modified Lie,0.0734839560374557,0.0541750761513345,0.12765903218879,0.858624943668076
34,5,Linear Elfouhaily,0.0895575738282458,0.0498853678048125,0.139442941633058,0.746337785238153
34,5,Raw Modified Lie,0.0896388427295669,0.0499056578407017,0.139544500570269,0.74615107985605
34,5,MSS-Constrained Modified Lie,0.073670811354671,0.0541943785742719,0.127865189928943,0.857688118662811
34,6,Linear Elfouhaily,0.0871773610993417,0.0479012761887498,0.135078637288092,0.741261907308233
34,6,Raw Modified Lie,0.0872720608080221,0.047922477772994,0.135194538581016,0.74102356092568
34,6,MSS-Constrained Modified Lie,0.0735723117437693,0.0540846115409101,0.127656923284679,0.85739245255156
34,7,Linear Elfouhaily,0.0858692580227,0.0481336073469129,0.134002865369613,0.748695719741428
34,7,Raw Modified Lie,0.0859628053975324,0.0481584024642155,0.134121207861748,0.748480940419325
34,7,MSS-Constrained Modified Lie,0.0735167280200955,0.0540978935670624,0.127614621587158,0.857821827232677
34,8,Linear Elfouhaily,0.0896087162625256,0.0493753003089546,0.13898401657148,0.742300489978113
34,8,Raw Modified Lie,0.0896989609548514,0.0493958358663359,0.139094796821187,0.742081258133676
34,8,MSS-Constrained Modified Lie,0.0736732810140201,0.0541665616348641,0.127839842648884,0.857453600899482
34,9,Linear Elfouhaily,0.0867512090055565,0.0486812750440955,0.135432484049652,0.74910587701212
34,9,Raw Modified Lie,0.0868137228785714,0.0487005802273706,0.135514303105942,0.748984581401076
34,9,MSS-Constrained Modified Lie,0.0735529439243396,0.0541281841929064,0.127681128117246,0.857850678748961
34,10,Linear Elfouhaily,0.0824927967233134,0.0485467079819996,0.131039504705313,0.767135143432675
34,10,Raw Modified Lie,0.0825853770273303,0.0485636944662493,0.13114907149358,0.766839157117674
34,10,MSS-Constrained Modified Lie,0.0733695404048695,0.0541205669446952,0.127490107349565,0.858861765514163
34,11,Linear Elfouhaily,0.0881875297297096,0.0490459383106294,0.137233468040339,0.745758024276702
34,11,Raw Modified Lie,0.0882919155745994,0.049070506622321,0.13736242219692,0.745503696575821
34,11,MSS-Constrained Modified Lie,0.0736150629484972,0.0541486680893069,0.127763731037804,0.857650895510215
34,12,Linear Elfouhaily,0.0919362460505779,0.0497281522325489,0.141664398283127,0.735457833084558
34,12,Raw Modified Lie,0.092016230939803,0.0497443104487507,0.141760541388554,0.735257540973887
34,12,MSS-Constrained Modified Lie,0.0737672957452927,0.0541856044406006,0.127952900185893,0.857057638146646
34,13,Linear Elfouhaily,0.0850302202358545,0.0496965811440009,0.134726801379855,0.764498441420449
34,13,Raw Modified Lie,0.0851175673514305,0.0497140323965975,0.134831599748028,0.764240227414666
34,13,MSS-Constrained Modified Lie,0.0734804150917172,0.0541839548960895,0.127664369987807,0.858715990312416
34,14,Linear Elfouhaily,0.0891221666045027,0.0497526470122984,0.138874813616801,0.747162777525146
34,14,Raw Modified Lie,0.0891933946335522,0.0497740143739843,0.138967409007537,0.747024744850022
34,14,MSS-Constrained Modified Lie,0.0736524631506566,0.0541872217801351,0.127839684930792,0.857738303917653
34,15,Linear Elfouhaily,0.0863189913342517,0.0489336004179185,0.13525259175217,0.752922728207431
34,15,Raw Modified Lie,0.0863915615101263,0.0489527763703825,0.135344337880509,0.752753878844706
34,15,MSS-Constrained Modified Lie,0.0735350186692171,0.0541421649847453,0.127677183653962,0.858066022970232
34,16,Linear Elfouhaily,0.0895329025703604,0.0478835109516888,0.137416413522049,0.731310251198253
34,16,Raw Modified Lie,0.0896186019986387,0.0479090357281762,0.137527637726815,0.731155300046046
34,16,MSS-Constrained Modified Lie,0.0736699795104707,0.0540838529150137,0.127753832425484,0.856817912043424
34,17,Linear Elfouhaily,0.0889887961803694,0.049112088737467,0.138100884917836,0.74289346266368
34,17,Raw Modified Lie,0.0890649508758825,0.0491327313736309,0.138197682249513,0.742731832574216
34,17,MSS-Constrained Modified Lie,0.0736471563248132,0.0541520992334068,0.12779925555822,0.8574911712615
34,18,Linear Elfouhaily,0.092791863996158,0.049486287252506,0.142278151248664,0.730276770699605
34,18,Raw Modified Lie,0.0928802694032301,0.0495087676040924,0.142389037007322,0.730094916736
34,18,MSS-Constrained Modified Lie,0.0738017761923987,0.0541727468634837,0.127974523055882,0.856755737708186
34,19,Linear Elfouhaily,0.0925573362924663,0.0482669747603861,0.140824311052852,0.722137030659993
34,19,Raw Modified Lie,0.0926284641993073,0.0482780735697311,0.140906537769038,0.721942708405669
34,19,MSS-Constrained Modified Lie,0.0737917591861048,0.0541046071675822,0.127896366353687,0.856274857309178
34,20,Linear Elfouhaily,0.0893770891980159,0.0491691277878245,0.13854621698584,0.741708316972242
34,20,Raw Modified Lie,0.0894613946406366,0.0491905581130491,0.138651952753686,0.741520296686567
34,20,MSS-Constrained Modified Lie,0.0736635125919404,0.054155284167307,0.127818796759247,0.857421180514049
36,1,Linear Elfouhaily,0.0920718497448777,0.0505371397863998,0.142608989531278,0.740869805486435
36,1,Raw Modified Lie,0.0921592921996546,0.0505636092599502,0.142722901459605,0.74071214909923
36,1,MSS-Constrained Modified Lie,0.0756570937181527,0.0556148425262436,0.131271936244396,0.857374433187781
36,2,Linear Elfouhaily,0.0881324650103288,0.0495046697362802,0.137637134746609,0.749471504262728
36,2,Raw Modified Lie,0.0882156471280051,0.049522029753771,0.137737676881776,0.749249404089855
36,2,MSS-Constrained Modified Lie,0.075491834482002,0.0555569928304076,0.13104882731241,0.857865841956822
36,3,Linear Elfouhaily,0.0923411642150682,0.0490760045921043,0.141417168807172,0.72901577555962
36,3,Raw Modified Lie,0.0924314199586755,0.0490968484660911,0.141528268424767,0.728814484715104
36,3,MSS-Constrained Modified Lie,0.0756682480864914,0.0555330452362892,0.131201293322781,0.85668054663587
36,4,Linear Elfouhaily,0.0878414806770434,0.0502325483026684,0.138074028979712,0.7562106360527
36,4,Raw Modified Lie,0.0879392557283146,0.0502533399613085,0.138192595689623,0.755946521284992
36,4,MSS-Constrained Modified Lie,0.0754799905459227,0.0555977293544947,0.131077719900417,0.858247622442986
36,5,Linear Elfouhaily,0.0930972309529402,0.0506026598770622,0.143699890830002,0.737255958147975
36,5,Raw Modified Lie,0.0931782464493882,0.0506228867990442,0.143801133248432,0.737082647630346
36,5,MSS-Constrained Modified Lie,0.0756987005563941,0.0556181006763666,0.131316801232761,0.857163885287618
36,6,Linear Elfouhaily,0.0899740463208105,0.0486096331739949,0.138583679494805,0.735025736376657
36,6,Raw Modified Lie,0.0900684651891346,0.0486307710392452,0.13869923622838,0.734800082790036
36,6,MSS-Constrained Modified Lie,0.0755703329978064,0.0555065668219357,0.131076899819742,0.857030968311619
36,7,Linear Elfouhaily,0.0889842340878639,0.0488123648834652,0.137796598971329,0.740642093778203
36,7,Raw Modified Lie,0.0890774962391438,0.0488370851663625,0.137914581405506,0.740441695924259
36,7,MSS-Constrained Modified Lie,0.0755285414287453,0.0555183173810891,0.131046858809834,0.857358777992749
36,8,Linear Elfouhaily,0.0923454977667023,0.0500585183275167,0.142404016094219,0.736259873936589
36,8,Raw Modified Lie,0.0924354676554455,0.0500789903348077,0.142514457990253,0.736051938396606
36,8,MSS-Constrained Modified Lie,0.0756684137637864,0.0555880688483571,0.131256482612143,0.857103914122922
36,9,Linear Elfouhaily,0.0896092491880054,0.0492172497982472,0.138826498986253,0.741109280689459
36,9,Raw Modified Lie,0.0896715543655385,0.0492364935737182,0.138908047939257,0.740996589970291
36,9,MSS-Constrained Modified Lie,0.0755536469974461,0.0555409321582667,0.131094579155713,0.857390892203509
36,10,Linear Elfouhaily,0.0855395894824426,0.0492350292769856,0.134774618759428,0.758671062579105
36,10,Raw Modified Lie,0.0856318858181179,0.0492519601586626,0.13488384597678,0.758392458288659
36,10,MSS-Constrained Modified Lie,0.0753797118963866,0.0555418043775622,0.130921516273949,0.85838625659377
36,11,Linear Elfouhaily,0.0911845249680104,0.0497931413460571,0.140977666314068,0.738965550959901
36,11,Raw Modified Lie,0.0912886017531351,0.0498176357203843,0.141106237473519,0.738725819954168
36,11,MSS-Constrained Modified Lie,0.0756211931845103,0.0555735274852419,0.131194720669752,0.857259327684038
36,12,Linear Elfouhaily,0.0952208834533019,0.0504674559194199,0.145688339372722,0.728013785221197
36,12,Raw Modified Lie,0.095300616646726,0.0504835610371395,0.145784177683866,0.727825278990501
36,12,MSS-Constrained Modified Lie,0.0757839928550759,0.0556104369660549,0.131394429821131,0.856622371328682
36,13,Linear Elfouhaily,0.0876909576404195,0.0505009622850867,0.138191919925506,0.758878799633321
36,13,Raw Modified Lie,0.0877780392020368,0.0505183580935129,0.13829639729555,0.758632904954087
36,13,MSS-Constrained Modified Lie,0.0754730657482846,0.0556123528830367,0.131085418631321,0.858399862018931
36,14,Linear Elfouhaily,0.091971531021037,0.0505103234365381,0.142481854457575,0.74107705448654
36,14,Raw Modified Lie,0.0920425317228737,0.0505316259195166,0.14257415764239,0.740947365643127
36,14,MSS-Constrained Modified Lie,0.0756522981741339,0.0556130830759973,0.131265381250131,0.85738804429421
36,15,Linear Elfouhaily,0.0893813985397405,0.0497656113536536,0.139147009893394,0.746175695288741
36,15,Raw Modified Lie,0.0894537370737167,0.0497847272757881,0.139238464349505,0.746017167860662
36,15,MSS-Constrained Modified Lie,0.0755444601884747,0.0555716913759871,0.131116151564462,0.857680421527283
36,16,Linear Elfouhaily,0.0929724409775896,0.0486763418520256,0.141648782829615,0.723572161370774
36,16,Raw Modified Lie,0.0930578763193349,0.0487017900877355,0.14175966640707,0.723428965583372
36,16,MSS-Constrained Modified Lie,0.0756938080741481,0.0555106170267528,0.131204425100901,0.856362911514107
36,17,Linear Elfouhaily,0.092038408877511,0.0498722994234196,0.141910708300931,0.736114114468515
36,17,Raw Modified Lie,0.0921143245138287,0.0498928784307679,0.142007202944597,0.735962513866557
36,17,MSS-Constrained Modified Lie,0.0756552475054181,0.0555777212871066,0.131232968792525,0.857098707252712
36,18,Linear Elfouhaily,0.0959483696670605,0.0502274003969112,0.146175770063972,0.72352168268862
36,18,Raw Modified Lie,0.0960365053203312,0.0502498123064375,0.146286317626769,0.723350936236367
36,18,MSS-Constrained Modified Lie,0.0758131453698913,0.0555975342071264,0.131410679577018,0.856358292894608
36,19,Linear Elfouhaily,0.0956117750191708,0.0488382887400623,0.144450063759233,0.7147012285452
36,19,Raw Modified Lie,0.0956826764347292,0.0488493469775763,0.144532023412305,0.714517259360135
36,19,MSS-Constrained Modified Lie,0.0757991548887336,0.0555190142633355,0.131318169152069,0.855832336181983
36,20,Linear Elfouhaily,0.0926524634401657,0.0499703113478168,0.142622774787982,0.7343913320515
36,20,Raw Modified Lie,0.0927365050569403,0.0499916753100204,0.142728180366961,0.734215389265828
36,20,MSS-Constrained Modified Lie,0.0756807163245389,0.0555832188125687,0.131263935137108,0.85699685767623
38,1,Linear Elfouhaily,0.0952309175268203,0.0511547361436327,0.146385653670453,0.732915556858115
38,1,Raw Modified Lie,0.0953181039399556,0.051181130735925,0.146499234675881,0.732769257684071
38,1,MSS-Constrained Modified Lie,0.0775675940177872,0.0569577933455826,0.13452538736337,0.856912380340923
38,2,Linear Elfouhaily,0.0911770070886791,0.0502742426048057,0.141451249693485,0.742557522615858
38,2,Raw Modified Lie,0.091259945738641,0.0502915493646908,0.141551495103332,0.742347763757978
38,2,MSS-Constrained Modified Lie,0.0773990377328098,0.0569078807134557,0.134306918446265,0.857468995253651
38,3,Linear Elfouhaily,0.0954535835312458,0.0498045279726177,0.145258111503863,0.722334395980116
38,3,Raw Modified Lie,0.0955435754073687,0.0498253095739396,0.145368884981308,0.722144749904444
38,3,MSS-Constrained Modified Lie,0.0775767578900315,0.0568813849431414,0.134458142833173,0.856286837488488
38,4,Linear Elfouhaily,0.0904954399786891,0.0508650912359549,0.141360531214644,0.749715631564659
38,4,Raw Modified Lie,0.0905929306722485,0.0508858217485606,0.141478752420809,0.749464802215237
38,4,MSS-Constrained Modified Lie,0.0773706537501446,0.0569413161590438,0.134311969909188,0.857878171460509
38,5,Linear Elfouhaily,0.0964789503175027,0.051233584157287,0.14771253447479,0.728720663699412
38,5,Raw Modified Lie,0.0965597247387669,0.0512537510361647,0.147813475774932,0.72855915182014
38,5,MSS-Constrained Modified Lie,0.0776178041181453,0.0569618314616013,0.134579635579747,0.856665537663247
38,6,Linear Elfouhaily,0.0926160520421619,0.0492818158202729,0.141897867862435,0.729457877249302
38,6,Raw Modified Lie,0.0927102037025181,0.049302893062067,0.142013096764585,0.729243277723688
38,6,MSS-Constrained Modified Lie,0.0774600776098523,0.0568514154490954,0.134311493058948,0.856705740702287
38,7,Linear Elfouhaily,0.092015217597126,0.0494275526534552,0.141442770250581,0.73291688137271
38,7,Raw Modified Lie,0.0921082083908843,0.0494522017364196,0.141560410127304,0.732729452623418
38,7,MSS-Constrained Modified Lie,0.0774348511324723,0.0568600115196872,0.134294862652159,0.85691005284635
38,8,Linear Elfouhaily,0.0948798085258502,0.0506727397359239,0.145552548261774,0.730802952430606
38,8,Raw Modified Lie,0.0949695169760913,0.0506931512856173,0.145662668261709,0.73060481518749
38,8,MSS-Constrained Modified Lie,0.0775533857336543,0.0569305167955726,0.134483902529227,0.85678564570756
38,9,Linear Elfouhaily,0.0923677765395315,0.0497129631522743,0.142080739691806,0.733625773328912
38,9,Raw Modified Lie,0.0924298832142639,0.0497321485112375,0.142162031725501,0.733520758469952
38,9,MSS-Constrained Modified Lie,0.0774483502632902,0.0568760625052327,0.134324412768523,0.85695629981655
38,10,Linear Elfouhaily,0.0885827992534917,0.0498730722467335,0.138455871500225,0.750340452846061
38,10,Raw Modified Lie,0.088674825423466,0.0498899502384507,0.138564775661917,0.750077890575419
38,10,MSS-Constrained Modified Lie,0.0772879108453536,0.0568850724130652,0.134172983258419,0.857913246547414
38,11,Linear Elfouhaily,0.0940307506634792,0.0504922282005822,0.144522978864061,0.73278625836032
38,11,Raw Modified Lie,0.0941345333867335,0.050516652227949,0.144651185614682,0.732559312883861
38,11,MSS-Constrained Modified Lie,0.0775191495918851,0.0569205895787362,0.134439739170621,0.856900103025477
38,12,Linear Elfouhaily,0.0983369222730484,0.0511291837891054,0.149466106062154,0.721067836391312
38,12,Raw Modified Lie,0.0984164160177226,0.0511452383970703,0.149561654414793,0.720889717389709
38,12,MSS-Constrained Modified Lie,0.0776917543452393,0.0569557955099644,0.134647549855204,0.856212367932372
38,13,Linear Elfouhaily,0.0902065917232117,0.0512335630392025,0.141440154762414,0.75362993865856
38,13,Raw Modified Lie,0.0902934206364024,0.0512509061036848,0.141544326740087,0.753394978147478
38,13,MSS-Constrained Modified Lie,0.0773578438339269,0.0569616733689408,0.134319517202868,0.858102547731224
38,14,Linear Elfouhaily,0.0946697831929292,0.0511718453397243,0.145841628532654,0.735207363420306
38,14,Raw Modified Lie,0.0947405676385167,0.0511930860953086,0.145933653733825,0.735085175355612
38,14,MSS-Constrained Modified Lie,0.0775440268566235,0.0569584585080516,0.134502485364675,0.857047591073753
38,15,Linear Elfouhaily,0.0923450619960458,0.050507732217433,0.142852794213479,0.739557756007158
38,15,Raw Modified Lie,0.092417180167266,0.0505267910303099,0.142943971197576,0.73940860744548
38,15,MSS-Constrained Modified Lie,0.0774478180251056,0.0569211607286166,0.134368978753722,0.857298927567214
38,16,Linear Elfouhaily,0.0963269647064202,0.049408808480192,0.145735773186612,0.716189999591937
38,16,Raw Modified Lie,0.0964121488041113,0.0494341838917338,0.145846332695845,0.716057343846083
38,16,MSS-Constrained Modified Lie,0.0776118684944566,0.0568589754968537,0.13447084399131,0.855924475771201
38,17,Linear Elfouhaily,0.0949984598436153,0.0505886650016888,0.145587124845304,0.729740293869189
38,17,Raw Modified Lie,0.0950741480542561,0.0506091834732386,0.145683331527495,0.729597679451535
38,17,MSS-Constrained Modified Lie,0.0775576556568662,0.056925798114658,0.134483453771524,0.8567265532307
38,18,Linear Elfouhaily,0.0989722619548312,0.0509253686180413,0.149897630572873,0.717315710345343
38,18,Raw Modified Lie,0.0990601409672932,0.050947715411425,0.150007856378718,0.71715476157753
38,18,MSS-Constrained Modified Lie,0.0777170841620333,0.0569447771152889,0.134661861277322,0.855990016861667
38,19,Linear Elfouhaily,0.0985023706131959,0.0493689535799708,0.147871324193167,0.707951684943379
38,19,Raw Modified Lie,0.0985730565758916,0.0493799732352518,0.147953029811143,0.707776784418843
38,19,MSS-Constrained Modified Lie,0.077697932424724,0.056855856229091,0.134553788653815,0.855426836849248
38,20,Linear Elfouhaily,0.0957332528395496,0.0507224545311652,0.146455707370715,0.727894977774478
38,20,Raw Modified Lie,0.0958170434711191,0.0507437553581593,0.146560798829278,0.727729397683302
38,20,MSS-Constrained Modified Lie,0.0775878449654621,0.0569333569729772,0.134521201938439,0.856616728544961
40,1,Linear Elfouhaily,0.0983100415019593,0.0517142166911611,0.15002425819312,0.725280557782136
40,1,Raw Modified Lie,0.0983969844424819,0.0517405400714546,0.150137524513937,0.725144545136458
40,1,MSS-Constrained Modified Lie,0.0793831161406237,0.0582299895331013,0.137613105673725,0.856464338633857
40,2,Linear Elfouhaily,0.0941928818974459,0.0510020489402852,0.145194930837731,0.735842333570231
40,2,Raw Modified Lie,0.0942755890320119,0.0510193050621949,0.145294894094207,0.735643906733094
40,2,MSS-Constrained Modified Lie,0.079213465970625,0.0581891336313571,0.137402599601982,0.857080151013314
40,3,Linear Elfouhaily,0.098377295593253,0.0504873624789554,0.148864658072208,0.716380740926671
40,3,Raw Modified Lie,0.0984670365538972,0.0505080848661381,0.148975121420035,0.716201154790492
40,3,MSS-Constrained Modified Lie,0.0793859409605398,0.058159840823272,0.137545781783812,0.855933070024662
40,4,Linear Elfouhaily,0.0930680093502305,0.0514451206400908,0.144513129990321,0.743484437885414
40,4,Raw Modified Lie,0.0931652296348633,0.0514657930086723,0.144631022643536,0.743245699668613
40,4,MSS-Constrained Modified Lie,0.0791665549515266,0.0582144900704323,0.137381045021959,0.857520824747073
40,5,Linear Elfouhaily,0.0996882761673628,0.0517981275938235,0.151486403761186,0.720833542558634
40,5,Raw Modified Lie,0.0997688213564103,0.0518182373792145,0.151587058735625,0.720682368692015
40,5,MSS-Constrained Modified Lie,0.0794380903741441,0.0582343585340741,0.137672448908218,0.856200052679766
40,6,Linear Elfouhaily,0.0951186130112562,0.049920358301742,0.145038971312998,0.72444612281617
40,6,Raw Modified Lie,0.0952125105611572,0.0499413778939526,0.14515388845511,0.724241241517999
40,6,MSS-Constrained Modified Lie,0.0792526429733901,0.0581270376203361,0.137379680593726,0.856410962691036
40,7,Linear Elfouhaily,0.0949478618523882,0.0499934658445557,0.144941327696944,0.725627992666381
40,7,Raw Modified Lie,0.0950405946085098,0.0500180472193139,0.145058641827824,0.725452186050065
40,7,MSS-Constrained Modified Lie,0.0792454818909199,0.0581314961619324,0.137376978052852,0.856482502625536
40,8,Linear Elfouhaily,0.0972313390009081,0.0512313774424567,0.148462716443365,0.725880087814472
40,8,Raw Modified Lie,0.097320798850778,0.0512517315049687,0.148572530355747,0.725690501349322
40,8,MSS-Constrained Modified Lie,0.0793394776211998,0.0582023595201761,0.137541837141376,0.856496568407183
40,9,Linear Elfouhaily,0.0950212878865484,0.0501770743887541,0.145198362275302,0.72667833380145
40,9,Raw Modified Lie,0.0950832058449578,0.0501962042041075,0.145279410049065,0.726580153009867
40,9,MSS-Constrained Modified Lie,0.079247257989365,0.0581418314819786,0.137389089471344,0.856549038449675
40,10,Linear Elfouhaily,0.0916163226362882,0.0504629599695383,0.142079282605826,0.742164082619835
40,10,Raw Modified Lie,0.0917080918997325,0.0504797876761167,0.142187879575849,0.741916331308291
40,10,MSS-Constrained Modified Lie,0.0791041806124026,0.0581582111849681,0.137262391797371,0.857444071482718
40,11,Linear Elfouhaily,0.0967378358137123,0.0511553108968945,0.147893146710607,0.727188798702854
40,11,Raw Modified Lie,0.0968413388849615,0.051179668026729,0.148021006911691,0.726973097682386
40,11,MSS-Constrained Modified Lie,0.0793198880737278,0.0581982649577236,0.137518153031451,0.856572194184691
40,12,Linear Elfouhaily,0.101306127407249,0.0517248337818225,0.153030961189071,0.714548471965018
40,12,Raw Modified Lie,0.101385393466683,0.0517408403660773,0.15312623383276,0.714379598968049
40,12,MSS-Constrained Modified Lie,0.0795019576828545,0.0582300064309772,0.137731964113832,0.855824091104871
40,13,Linear Elfouhaily,0.0925937834108857,0.0519093170991037,0.144503100509989,0.748741220123653
40,13,Raw Modified Lie,0.0926803720732747,0.0519266100130454,0.14460698208632,0.748516022517187
40,13,MSS-Constrained Modified Lie,0.0791459036243907,0.0582404420581296,0.13738634568252,0.857823837538997
40,14,Linear Elfouhaily,0.0972320551940809,0.0517555609591771,0.148987616153258,0.729581439911891
40,14,Raw Modified Lie,0.0973026340163214,0.0517767430148675,0.149079377031189,0.729466018503541
40,14,MSS-Constrained Modified Lie,0.079338737123648,0.058232026037444,0.137570763161092,0.856718822456388
40,15,Linear Elfouhaily,0.0952032451048517,0.0511832636542668,0.146386508759118,0.733226430296732
40,15,Raw Modified Lie,0.095275153746341,0.0512022681636512,0.146477421909992,0.73308573847395
40,15,MSS-Constrained Modified Lie,0.079255249294288,0.058199549660225,0.137454798954513,0.856930881436838
40,16,Linear Elfouhaily,0.0995653269003353,0.0500835212194255,0.149648848119761,0.709240235930629
40,16,Raw Modified Lie,0.0996502720902017,0.0501088273775156,0.149759099467717,0.709116964697482
40,16,MSS-Constrained Modified Lie,0.0794333681339826,0.0581367669018022,0.137570135035785,0.855507751931182
40,17,Linear Elfouhaily,0.0978728657013587,0.0512671064978477,0.149139972199206,0.723749457237251
40,17,Raw Modified Lie,0.0979483376604068,0.0512875674048538,0.149235905065261,0.723614924405952
40,17,MSS-Constrained Modified Lie,0.0793649792313684,0.0582043936382976,0.137569372869666,0.85637391665804
40,18,Linear Elfouhaily,0.101876245498096,0.0515816625911372,0.153457908089233,0.71155946924808
40,18,Raw Modified Lie,0.101963880466352,0.0516039474634757,0.153567827929828,0.711407246439369
40,18,MSS-Constrained Modified Lie,0.0795245776384251,0.058222293655612,0.137746871294037,0.85564569491214
40,19,Linear Elfouhaily,0.101255603775647,0.0498702944764831,0.15112589825213,0.70179687899762
40,19,Raw Modified Lie,0.101326084886346,0.0498812774590223,0.151207362345369,0.701630003697438
40,19,MSS-Constrained Modified Lie,0.0794996316777162,0.05812353805855,0.137623169736266,0.855053842471505
40,20,Linear Elfouhaily,0.0985940446357513,0.0514293783428122,0.150023422978563,0.722237935271929
40,20,Raw Modified Lie,0.0986775966155038,0.0514506191351514,0.150128215750655,0.722081171832226
40,20,MSS-Constrained Modified Lie,0.0793944202213687,0.0582136317692289,0.137608051990598,0.8562830679296
