U10,Seed,Group,MssAlong,MssCross,MssTotal,Gamma,PrimaryMss,ShortWaveMss
1,1,Linear Elfouhaily,0.0117984490876931,0.00685337198919479,0.0186518210768879,0.762148661403241,0.00836009644720296,0.0102917246296849
1,1,MSS-Constrained Modified Lie,0.00645070619111727,0.00577502960043171,0.012225735791549,0.946179373902883,0.00536699342074736,0.00685874237080162
1,2,Linear Elfouhaily,0.0120124973343145,0.00687431796209879,0.0188868152964133,0.756481228532263,0.00839522724005686,0.0104915880563565
1,2,MSS-Constrained Modified Lie,0.00646767785858118,0.00577663458326528,0.0122443124418465,0.945068434178366,0.00532440083457936,0.00691991160726709
1,3,Linear Elfouhaily,0.0111312592753692,0.00679434947868168,0.0179256087540509,0.781271157419875,0.0084530337593055,0.00947257499474538
1,3,MSS-Constrained Modified Lie,0.00639517430208,0.00576691512403111,0.0121620894261111,0.949610672481349,0.00559555881646921,0.0065665306096419
1,4,Linear Elfouhaily,0.0115227563641151,0.00663504585861133,0.0181578022227264,0.758828746490669,0.00850679377496022,0.00965100844776621
1,4,MSS-Constrained Modified Lie,0.00642873887820796,0.00574648290957579,0.0121752217877837,0.945449130364653,0.00556432630253858,0.00661089548524517
1,5,Linear Elfouhaily,0.0115869280446742,0.00696204778586805,0.0185489758305422,0.775147489730274,0.00833295691753156,0.0102160189130107
1,5,MSS-Constrained Modified Lie,0.00643284307681313,0.00578792831245883,0.012220771389272,0.94854970445621,0.00537125797115195,0.00684951341812001
1,6,Linear Elfouhaily,0.0113712482450623,0.0068622186653338,0.0182334669103961,0.776833965638292,0.00823007374218127,0.0100033931682148
1,6,MSS-Constrained Modified Lie,0.00641590466326645,0.00577554199971519,0.0121914466629816,0.948784152804429,0.00537664423313841,0.00681480242984323
1,7,Linear Elfouhaily,0.0113320714500617,0.00678825846038743,0.0181203299104491,0.773970722609809,0.00849204556038786,0.00962828435006129
1,7,MSS-Constrained Modified Lie,0.00641244754431604,0.005766598290064,0.01217904583438,0.948304773515286,0.00556437568501512,0.00661467014936493
1,8,Linear Elfouhaily,0.0119479574654768,0.0068926427935129,0.0188406002589897,0.759531958323674,0.00854235986528237,0.0102982403937073
1,8,MSS-Constrained Modified Lie,0.00646296754980099,0.00577928707152742,0.0122422546213284,0.945629791768338,0.00541973552291571,0.00682251909841271
1,9,Linear Elfouhaily,0.0114764326059704,0.00658903489106735,0.0180654674970378,0.757717727874854,0.00853990794053438,0.00952555955650341
1,9,MSS-Constrained Modified Lie,0.00642225249084127,0.00574033280853161,0.0121625852993729,0.945420136780333,0.00561363606753693,0.00654894923183595
1,10,Linear Elfouhaily,0.0116119467419621,0.00694471089226411,0.0185566576342262,0.773347289593101,0.00853838086036476,0.0100182767738615
1,10,MSS-Constrained Modified Lie,0.00643572610545758,0.00578540496907676,0.0122211310745343,0.948130474332354,0.00549419945518314,0.00672693161935121
1,11,Linear Elfouhaily,0.011502436304781,0.00703623844714244,0.0185386747519234,0.782123537308424,0.00841652844464223,0.0101221463072812
1,11,MSS-Constrained Modified Lie,0.0064275198227956,0.00579757913726077,0.0122250989600564,0.949733222771257,0.00542346077029324,0.00680163818976312
1,12,Linear Elfouhaily,0.0112573756267779,0.00663521017233567,0.0178925857991136,0.767730444818678,0.00829340634953964,0.00959917944957394
1,12,MSS-Constrained Modified Lie,0.00640509944493205,0.00574593564161507,0.0121510350865471,0.947147113747942,0.00549995830455031,0.00665107678199681
1,13,Linear Elfouhaily,0.0115858719693386,0.006880723112019,0.0184665950813576,0.77064200706834,0.00824721447833057,0.010219380603027
1,13,MSS-Constrained Modified Lie,0.00643320869350936,0.00577744165754655,0.0122106503510559,0.947663086344668,0.00532627884179379,0.00688437150926211
1,14,Linear Elfouhaily,0.011517474563933,0.00683272622322378,0.0183502007871568,0.770226362084903,0.00817777328421427,0.0101724275029426
1,14,MSS-Constrained Modified Lie,0.00642630852900512,0.00577183686058495,0.0121981453895901,0.947711689688754,0.00530324467057993,0.00689490071901015
1,15,Linear Elfouhaily,0.011565479211998,0.00691701101462195,0.0184824902266199,0.773352364051108,0.0082295688771912,0.0102529213494287
1,15,MSS-Constrained Modified Lie,0.00643041181608949,0.00578218646174837,0.0122125982778379,0.948258300216972,0.00531204164266913,0.00690055663516873
1,16,Linear Elfouhaily,0.0114988563601602,0.00670231295332024,0.0182011693134804,0.763457783015634,0.00842857889804852,0.00977259041543188
1,16,MSS-Constrained Modified Lie,0.00642584750068417,0.00575569743857005,0.0121815449392542,0.946419698076157,0.005527833433687,0.00665371150556722
1,17,Linear Elfouhaily,0.0119266934289132,0.00704597897584464,0.0189726724047579,0.768618163948465,0.00825573773771224,0.0107169346670456
1,17,MSS-Constrained Modified Lie,0.00646026879662515,0.00579835691268087,0.012258625709306,0.947386469885104,0.00521148956695361,0.00704713614235241
1,18,Linear Elfouhaily,0.0115163228070085,0.00673005785515853,0.018246380662167,0.764455982855617,0.00834480766840531,0.00990157299376168
1,18,MSS-Constrained Modified Lie,0.00642752851796418,0.00575891005628967,0.0121864385742539,0.946559986392181,0.00544830630830109,0.00673813226595276
1,19,Linear Elfouhaily,0.0113301072650047,0.0070008355475984,0.0183309428126031,0.786064036708613,0.00844409071605415,0.00988685209654893
1,19,MSS-Constrained Modified Lie,0.00641059391147303,0.00579171571215752,0.0122023096236305,0.950505172922111,0.00547495375223571,0.00672735587139484
1,20,Linear Elfouhaily,0.0119110677861817,0.00695556218712575,0.0188666299733074,0.764171384374779,0.00857266697065349,0.0102939630026539
1,20,MSS-Constrained Modified Lie,0.00645957174104871,0.00578724775597753,0.0122468194970262,0.946529545082879,0.00543303428635733,0.00681378521066891
2,1,Linear Elfouhaily,0.0130338794726262,0.00795174738029301,0.0209856268529193,0.781078056394848,0.00838319397694663,0.0126024328759726
2,1,MSS-Constrained Modified Lie,0.00964439564055546,0.00788724491500734,0.0175316405555628,0.904326285398121,0.00690299696457265,0.0106286435909902
2,2,Linear Elfouhaily,0.0132946466309817,0.00804517922235717,0.0213398258533389,0.777910193656071,0.00841854428170476,0.0129212815716341
2,2,MSS-Constrained Modified Lie,0.00967247152395558,0.00789982794379205,0.0175722994677476,0.903732886490054,0.00682222675745412,0.0107500727102935
2,3,Linear Elfouhaily,0.012261562759435,0.00790747288437452,0.0201690356438095,0.803056206599976,0.00847607324228261,0.0116929624015269
2,3,MSS-Constrained Modified Lie,0.00955720204414451,0.00787989417794218,0.0174370962220867,0.908018734197558,0.00721425449801217,0.0102228417240745
2,4,Linear Elfouhaily,0.0127362899132983,0.00768775028164856,0.0204240401949469,0.776923335117146,0.0085301170189936,0.0118939231759533
2,4,MSS-Constrained Modified Lie,0.00961221549376328,0.00784673045308976,0.017458945946853,0.903509280472443,0.00716605500721683,0.0102928909396362
2,5,Linear Elfouhaily,0.0128175453840761,0.00808527597587137,0.0209028213599474,0.794227631438822,0.00835624751671617,0.0125465738432313
2,5,MSS-Constrained Modified Lie,0.00961968339767478,0.00790608657355538,0.0175257699712302,0.906568017001292,0.00690494759621578,0.0106208223750144
2,6,Linear Elfouhaily,0.0125515866070568,0.00796473662084979,0.0205163232279066,0.796592835317084,0.0082530025384408,0.0122633206894658
2,6,MSS-Constrained Modified Lie,0.0095910745283762,0.00788846004438554,0.0174795345727617,0.906906432365576,0.00692749988963871,0.010552034683123
2,7,Linear Elfouhaily,0.012506595597551,0.00789672494582636,0.0204033205433774,0.794609864204285,0.00851498814290702,0.0118883324004704
2,7,MSS-Constrained Modified Lie,0.00958572666799303,0.00787882832833051,0.0174645549963235,0.906605393289973,0.00716853911533336,0.0102960158809902
2,8,Linear Elfouhaily,0.0132063263530286,0.00798672300364296,0.0211930493566716,0.777666334502759,0.0085654027657484,0.0126276465909232
2,8,MSS-Constrained Modified Lie,0.00966351098555118,0.0078916210032328,0.017555131988784,0.903682012030118,0.00697646710830405,0.0105786648804799
2,9,Linear Elfouhaily,0.0126954393287543,0.00766132618307,0.0203567655118243,0.776833792594742,0.00856311580296916,0.0117936497088551
2,9,MSS-Constrained Modified Lie,0.00960405048297711,0.00784248712779783,0.0174465376107749,0.903648829026121,0.00721024340147722,0.0102362942092977
2,10,Linear Elfouhaily,0.0127798004977594,0.00803877268555396,0.0208185731833133,0.793108924784751,0.00856177464360464,0.0122567985397087
2,10,MSS-Constrained Modified Lie,0.00961656015537619,0.00789883187136951,0.0175153920267457,0.906299120650138,0.00709248206442235,0.0104229099623234
2,11,Linear Elfouhaily,0.0126923480430268,0.00817327491990619,0.020865622962933,0.802466788389485,0.00843978284099295,0.0124258401219401
2,11,MSS-Constrained Modified Lie,0.00960790564503674,0.00791945443382581,0.0175273600788625,0.90789007297281,0.00698994360735929,0.0105374164715033
2,12,Linear Elfouhaily,0.0124627614848282,0.00771285767802217,0.0201756191628504,0.786684361761338,0.00831637635650097,0.0118592428063494
2,12,MSS-Constrained Modified Lie,0.00957931096789005,0.00784989181889235,0.0174292027867824,0.90524200937678,0.00706670325415472,0.0103624995326277
2,13,Linear Elfouhaily,0.0127648147364851,0.00802813796284894,0.020792952699334,0.793049244250873,0.00827032743519379,0.0125226252641402
2,13,MSS-Constrained Modified Lie,0.00961438510051289,0.00789732248430165,0.0175117075848145,0.90631502428497,0.00685570058896827,0.0106560069958463
2,14,Linear Elfouhaily,0.0126927643637796,0.00793288947184938,0.020625653835629,0.790565017430906,0.0082006011259518,0.0124250527096771
2,14,MSS-Constrained Modified Lie,0.00960460882083457,0.00788374973352159,0.0174883585543562,0.905996612608165,0.00683649813648593,0.0106518604178702
2,15,Linear Elfouhaily,0.0127944177570397,0.00806553572172196,0.0208599534787616,0.793974118911822,0.00825235367844592,0.0126075998003157
2,15,MSS-Constrained Modified Lie,0.00961620662534398,0.00790304842947174,0.0175192550548157,0.906557652759313,0.00682173572597637,0.0106975193288394
2,16,Linear Elfouhaily,0.012708217067402,0.00776468412514894,0.0204729011925509,0.781663052474568,0.00845164062714786,0.0120212605654031
2,16,MSS-Constrained Modified Lie,0.00960782986565653,0.00785906867217594,0.0174668985378325,0.904425689838948,0.00710949073713214,0.0103574078007003
2,17,Linear Elfouhaily,0.0132319561926109,0.0082108733679582,0.0214428295605691,0.787739548790562,0.00827851333605127,0.0131643162245178
2,17,MSS-Constrained Modified Lie,0.00966497905947496,0.00792439939976543,0.0175893784592404,0.905488042347975,0.0066831810473172,0.0109061974119232
2,18,Linear Elfouhaily,0.0126686045530796,0.00781363237064272,0.0204822369237223,0.785347918432095,0.00836766238883687,0.0121145745348854
2,18,MSS-Constrained Modified Lie,0.00960366725372485,0.00786605361008267,0.0174697208638075,0.905023588609702,0.00702590357667343,0.0104438172871341
2,19,Linear Elfouhaily,0.0125519996758216,0.00814631089358743,0.0206983105694091,0.80560848270389,0.00846737445259611,0.0122309361168129
2,19,MSS-Constrained Modified Lie,0.00958861926185065,0.00791378076072638,0.017502400022577,0.908477069974108,0.00703865973754304,0.010463740285034
2,20,Linear Elfouhaily,0.0131562585671044,0.0080823081988307,0.0212385667659351,0.783793221836318,0.00859576986934655,0.0126427968965885
2,20,MSS-Constrained Modified Lie,0.00965747322465015,0.00790580241271937,0.0175632756373695,0.904776311648184,0.00699054477011763,0.0105727308672519
3,1,Linear Elfouhaily,0.014249003127631,0.00895215416697792,0.023201157294609,0.792631879216515,0.00849260747202012,0.0147085498225888
3,1,MSS-Constrained Modified Lie,0.0120765151088604,0.00966792325353548,0.0217444383623959,0.894737794246458,0.00786548543012275,0.0138789529322731
3,2,Linear Elfouhaily,0.0145313913014268,0.0090502292425087,0.0235816205439355,0.789180219349552,0.00852826135242518,0.0150533591915103
3,2,MSS-Constrained Modified Lie,0.0121113866027382,0.0096823532830939,0.0217937398858321,0.894115304589397,0.00777594654754402,0.0140177933382881
3,3,Linear Elfouhaily,0.0134510863359843,0.00886853256871655,0.0223196189047009,0.811983496852733,0.00858628165937702,0.0137333372453238
3,3,MSS-Constrained Modified Lie,0.0119734386900471,0.00965350650156397,0.0216269451916111,0.89791060169804,0.00821925621693716,0.0134076889746739
3,4,Linear Elfouhaily,0.0139609949982766,0.00863328883922591,0.0225942838375025,0.786375455589595,0.008641434007431,0.0139528498300715
3,4,MSS-Constrained Modified Lie,0.0120409282466809,0.00961473407924741,0.0216556623259283,0.893590729144132,0.00816281135778663,0.0134928509681417
3,5,Linear Elfouhaily,0.0140148750132961,0.00908866903395808,0.0231035440472542,0.80529597770285,0.00846532306628559,0.0146382209809686
3,5,MSS-Constrained Modified Lie,0.0120459215470003,0.00968891830454393,0.0217348398515443,0.896845496816137,0.0078717826513473,0.0138630572001969
3,6,Linear Elfouhaily,0.013768541277383,0.00895033227806363,0.0227188735554466,0.806260927617311,0.00836074709952958,0.0143581264559171
3,6,MSS-Constrained Modified Lie,0.01201574927549,0.0096668375575074,0.0216825868329974,0.896946999834146,0.00788716638182381,0.0137954204511736
3,7,Linear Elfouhaily,0.0137161229455026,0.00888853506786829,0.0226046580133709,0.805006543304663,0.00862576080364848,0.0139788972097224
3,7,MSS-Constrained Modified Lie,0.0120086720204376,0.00965735895653982,0.0216660309769775,0.896771288595718,0.00815999943342565,0.0135060315435518
3,8,Linear Elfouhaily,0.0143727598478817,0.00893953002960975,0.0233122898774914,0.788655359934211,0.00867666597050159,0.0146356239069899
3,8,MSS-Constrained Modified Lie,0.0120923300827924,0.00966498703800254,0.0217573171207949,0.894016720185478,0.00798410111662935,0.0137732160041656
3,9,Linear Elfouhaily,0.0139063549520862,0.00861868142501542,0.0225250363771016,0.787251975050184,0.0086745316765054,0.0138505047005963
3,9,MSS-Constrained Modified Lie,0.0120297361327317,0.00961207491179774,0.0216418110445295,0.893882680653506,0.00820818318059262,0.0134336278639369
3,10,Linear Elfouhaily,0.0139307994687016,0.0089801414150289,0.0229109408837305,0.802885412859721,0.00867342576590536,0.0142375151178252
3,10,MSS-Constrained Modified Lie,0.0120364088956135,0.00967102850443782,0.0217074374000513,0.896371139677912,0.00811586319390444,0.0135915742061468
3,11,Linear Elfouhaily,0.0139069377534755,0.00916709581141771,0.0230740335648932,0.811895491675444,0.00854996007555378,0.0145240734893394
3,11,MSS-Constrained Modified Lie,0.0120347062886302,0.00970199877191195,0.0217367050605422,0.89786875720732,0.00796912019332506,0.0137675848672171
3,12,Linear Elfouhaily,0.0137379442729615,0.00869527911090321,0.0224332233838647,0.795574561927794,0.00842483513156711,0.0140083882522976
3,12,MSS-Constrained Modified Lie,0.0120098943378896,0.00962429626473888,0.0216341906026285,0.89518933281961,0.00801414877049671,0.0136200418321318
3,13,Linear Elfouhaily,0.0139607922434306,0.00905146085292635,0.0230122530963569,0.80520100192903,0.00837852473777791,0.014633728358579
3,13,MSS-Constrained Modified Lie,0.0120396888200127,0.00968255212978986,0.0217222409498026,0.896782842912179,0.00780986496417965,0.0139123759856229
3,14,Linear Elfouhaily,0.013921931553494,0.00889845256581485,0.0228203841193088,0.799479804773576,0.00830790741093546,0.0145124767083734
3,14,MSS-Constrained Modified Lie,0.0120327474349767,0.00965845075990763,0.0216911981948844,0.895924338093535,0.00778757435101321,0.0139036238438711
3,15,Linear Elfouhaily,0.0140075285207241,0.0090377595894306,0.0230452881101547,0.803247966203342,0.00836003531070701,0.0146852527994477
3,15,MSS-Constrained Modified Lie,0.012043946797005,0.00968061148451761,0.0217245582815226,0.896534447702292,0.0077798292352693,0.0139447290462533
3,16,Linear Elfouhaily,0.0139573943877787,0.00872979325391735,0.0226871876416961,0.790860352685115,0.00856164273632837,0.0141255449053677
3,16,MSS-Constrained Modified Lie,0.0120390363376768,0.00963145321216281,0.0216704895498396,0.894437598682608,0.0080827935786027,0.0135876959712369
3,17,Linear Elfouhaily,0.014485496400538,0.00921164625213372,0.0236971426526718,0.797447194685529,0.00838668464080168,0.0153104580118701
3,17,MSS-Constrained Modified Lie,0.0121048852637522,0.00970848894530884,0.0218133742090611,0.895561637069523,0.00761913128971597,0.0141942429193451
3,18,Linear Elfouhaily,0.0138641574964979,0.00877121772767604,0.0226353752241739,0.795395636531352,0.00847671680787469,0.0141586584162992
3,18,MSS-Constrained Modified Lie,0.0120273645943132,0.00963782550851284,0.021665190102826,0.895167469457171,0.0080099304951639,0.0136552596076621
3,19,Linear Elfouhaily,0.0137918538809738,0.00911961479382199,0.0229114686747958,0.813161715747042,0.00857782551076616,0.0143336431640296
3,19,MSS-Constrained Modified Lie,0.0120158752227384,0.00969250107782935,0.0217083763005678,0.898132111092093,0.00801624036586815,0.0136921359346996
3,20,Linear Elfouhaily,0.0144065653530994,0.00911175827896651,0.0235183236320659,0.795281478507614,0.00870721326196965,0.0148111103700963
3,20,MSS-Constrained Modified Lie,0.0120959116065361,0.00969276611492946,0.0217886777214656,0.895168032156386,0.00795642372662537,0.0138322539948402
4,1,Linear Elfouhaily,0.0170492545238631,0.0112541402501133,0.0283033947739764,0.81246276109507,0.00869672967794457,0.0196066650960318
4,1,MSS-Constrained Modified Lie,0.0144354721517835,0.0114433020664515,0.025878774218235,0.8903488137638,0.00788544357464513,0.0179933306435899
4,2,Linear Elfouhaily,0.0174497674779784,0.0113382164903125,0.0287879839682909,0.806078894890965,0.00873292310415036,0.0200550608641405
4,2,MSS-Constrained Modified Lie,0.0144850420774425,0.0114547449949059,0.0259397870723484,0.889268342919655,0.00778760753324465,0.0181521795391037
4,3,Linear Elfouhaily,0.0163354008484572,0.0110799321514796,0.0274153329999368,0.8235759435943,0.00879191195735911,0.0186234210425777
4,3,MSS-Constrained Modified Lie,0.0143438895890515,0.0114157806226924,0.0257596702117439,0.892111916104574,0.00819199375636415,0.0175676764553797
4,4,Linear Elfouhaily,0.0168526290871173,0.010881840521338,0.0277344696084553,0.803558218399078,0.0088491338303285,0.0188853357781268
4,4,MSS-Constrained Modified Lie,0.0144116754782055,0.0113849784104359,0.0257966538886414,0.888809869889774,0.00814080499093123,0.0176558488977102
4,5,Linear Elfouhaily,0.0168861841514319,0.0114199226994235,0.0283061068508554,0.822367278232425,0.00866878027705527,0.0196373265738001
4,5,MSS-Constrained Modified Lie,0.0144139700508006,0.0114674789027459,0.0258814489535464,0.891953403955041,0.00786360950987731,0.0180178394436691
4,6,Linear Elfouhaily,0.0166918942412398,0.0112471600411609,0.0279390542824007,0.820859115452462,0.00856173424699809,0.0193773200354026
4,6,MSS-Constrained Modified Lie,0.0143907709660207,0.0114414645818452,0.0258322355478658,0.891658963283651,0.00785493107112151,0.0179773044767443
4,7,Linear Elfouhaily,0.016579924090163,0.0111807180877073,0.0277606421778703,0.821189863050673,0.00883246976811217,0.0189281724097581
4,7,MSS-Constrained Modified Lie,0.0143760854842874,0.0114318500705507,0.0258079355548381,0.891739361197272,0.00813896443893915,0.0176689711158989
4,8,Linear Elfouhaily,0.017116799530177,0.0111569476405233,0.0282737471707004,0.807349192663071,0.00888429201424444,0.0193894551564559
4,8,MSS-Constrained Modified Lie,0.0144442280492634,0.0114275778622464,0.0258718059115098,0.88946717660399,0.00804349649824657,0.0178283094132632
4,9,Linear Elfouhaily,0.0168220422776651,0.0108391452162903,0.0276611874939554,0.802709046171788,0.00888242840979844,0.018778759084157
4,9,MSS-Constrained Modified Lie,0.0144035076902801,0.0113780640974663,0.0257815717877464,0.888791829548358,0.00817704442827124,0.0176045273594752
4,10,Linear Elfouhaily,0.0167061851086552,0.0111510098724752,0.0278571949811304,0.81699322584379,0.00888174391484606,0.0189754510662843
4,10,MSS-Constrained Modified Lie,0.0143922669420231,0.0114261582179837,0.0258184251600068,0.891016022995786,0.00815825996214348,0.0176601651978633
4,11,Linear Elfouhaily,0.0167923043304758,0.0114374861669059,0.0282297904973817,0.825296764840006,0.00875550857194189,0.0194742819254398
4,11,MSS-Constrained Modified Lie,0.0144047170367711,0.0114707172439736,0.0258754342807447,0.892365808019911,0.0079722769179814,0.0179031573627633
4,12,Linear Elfouhaily,0.0167253920486844,0.0109424763129175,0.0276678683616018,0.808853100000142,0.00862716022884143,0.0190407081327604
4,12,MSS-Constrained Modified Lie,0.0143931816692526,0.0113937357094312,0.0257869173786838,0.88972269182259,0.00795632831973047,0.0178305890589533
4,13,Linear Elfouhaily,0.0167793631724668,0.0113807240251438,0.0281600871976107,0.82356372459147,0.00858034907782475,0.0195797381197859
4,13,MSS-Constrained Modified Lie,0.014401049453444,0.011461167411303,0.025862216864747,0.892107842457199,0.00781398161487425,0.0180482352498727
4,14,Linear Elfouhaily,0.0169467057453091,0.0111960336103455,0.0281427393556545,0.812810775495866,0.00850808369831618,0.0196346556573384
4,14,MSS-Constrained Modified Lie,0.0144204268663648,0.0114336838175781,0.025854110683943,0.890438708253356,0.00773421746450846,0.0181198932194345
4,15,Linear Elfouhaily,0.0168731509500275,0.0112493709498363,0.0281225218998638,0.816518488723803,0.00856092005064047,0.0195616018492233
4,15,MSS-Constrained Modified Lie,0.0144112464667496,0.0114415075949126,0.0258527540616621,0.891026978405749,0.0077947413691098,0.0180580126925523
4,16,Linear Elfouhaily,0.0169251018979506,0.0109886512705952,0.0279137531685458,0.805761568553363,0.00876687322196118,0.0191468799465847
4,16,MSS-Constrained Modified Lie,0.0144194362731004,0.011402332655736,0.0258217689288364,0.889247622154253,0.00803898336803366,0.0177827855608027
4,17,Linear Elfouhaily,0.0173687743270522,0.0114830448859599,0.0288518192130121,0.813099969955472,0.00858849919674337,0.0202633200162687
4,17,MSS-Constrained Modified Lie,0.0144741738623177,0.0114770039341511,0.0259511777964689,0.890466063501851,0.00764983914414187,0.018301338652327
4,18,Linear Elfouhaily,0.0166893819545126,0.0109963669675072,0.0276857489220198,0.811716707755116,0.00868018776471387,0.0190055611573059
4,18,MSS-Constrained Modified Lie,0.014389644909329,0.0114030885804995,0.0257927334898286,0.890197172389516,0.00801164639657008,0.0177810870932585
4,19,Linear Elfouhaily,0.0167093226266393,0.0113769837991705,0.0280863064258097,0.825152362722662,0.00878388750841863,0.0193024189173911
4,19,MSS-Constrained Modified Lie,0.0143900454510942,0.0114596893442167,0.0258497347953108,0.892391324360727,0.00800268573248636,0.0178470490628245
4,20,Linear Elfouhaily,0.0173619546381817,0.0115150703096766,0.0288770249478582,0.814392918125341,0.00891516572576992,0.0199618592220883
4,20,MSS-Constrained Modified Lie,0.0144742530146467,0.0114818992110384,0.0259561522256851,0.890653512853209,0.00793406123822027,0.0180220909874648
5,1,Linear Elfouhaily,0.0192544530728165,0.0130587501036126,0.0323132031764292,0.823540974835555,0.00878114455979783,0.0235320586166313
5,1,MSS-Constrained Modified Lie,0.0168729231102982,0.013168380258435,0.0300413033687332,0.883427706677145,0.00812412625160928,0.021917177117124
5,2,Linear Elfouhaily,0.019818694140109,0.013117698336034,0.0329363924761429,0.813563211529541,0.00881699981706704,0.0241193926590759
5,2,MSS-Constrained Modified Lie,0.0169453477387148,0.0131759374834635,0.0301212852221783,0.881790711957911,0.00800388292215292,0.0221174023000254
5,3,Linear Elfouhaily,0.0186113506519779,0.0128014876677889,0.0314128383197668,0.829356543008322,0.00887632431815671,0.0225365140016101
5,3,MSS-Constrained Modified Lie,0.0167879056630429,0.0131283771621954,0.0299162828252383,0.884315551272859,0.00841086655389473,0.0215054162713436
5,4,Linear Elfouhaily,0.019232740915385,0.0127117186487852,0.0319444595641702,0.812983151719837,0.00893454438881943,0.0230099151753508
5,4,MSS-Constrained Modified Lie,0.0168713819196254,0.0131145426809126,0.029985924600538,0.881660221923906,0.008324149103431,0.021661775497107
5,5,Linear Elfouhaily,0.0191808451274418,0.0132566092182837,0.0324374543457255,0.831347045615665,0.00875244019272903,0.0236850141529965
5,5,MSS-Constrained Modified Lie,0.0168624573673995,0.0131971602021599,0.0300596175695593,0.884666968551176,0.00807447870323136,0.021985138866328
5,6,Linear Elfouhaily,0.0190062634142206,0.0130295037701042,0.0320357671843248,0.8279718392622,0.00864444620293401,0.0233913209813908
5,6,MSS-Constrained Modified Lie,0.0168411645179077,0.0131631843609558,0.0300043488788635,0.884085815686858,0.00806098049343965,0.0219433683854239
5,7,Linear Elfouhaily,0.0188370017363674,0.0129408139391741,0.0317778156755415,0.828848026243839,0.00891789911609216,0.0228599165594494
5,7,MSS-Constrained Modified Lie,0.0168185278390853,0.013150249104003,0.0299687769430883,0.88424578975244,0.00836713626415468,0.0216016406789336
5,8,Linear Elfouhaily,0.0194432912964858,0.0129102183046222,0.032353509601108,0.814857939892239,0.00896975269881522,0.0233837569022928
5,8,MSS-Constrained Modified Lie,0.016897853937326,0.0131449644659162,0.0300428184032422,0.881990550735128,0.00826757216709918,0.0217752462361431
5,9,Linear Elfouhaily,0.0192679071286634,0.012652929061787,0.0319208361904504,0.810360501286244,0.0089677600590161,0.0229530761314343
5,9,MSS-Constrained Modified Lie,0.0168714987304421,0.0131052069766666,0.0299767057071087,0.881343306176482,0.00834178570053147,0.0216349200065772
5,10,Linear Elfouhaily,0.0189350247779493,0.0129123883628861,0.0318474131408354,0.825791391027935,0.00896730953651823,0.0228801036043172
5,10,MSS-Constrained Modified Lie,0.016831439154384,0.0131447715535924,0.0299762107079765,0.883722465790573,0.00839401051211204,0.0215822001958644
5,11,Linear Elfouhaily,0.0191157653199768,0.0132046947433864,0.0323204600633632,0.831128812064876,0.00884018946388611,0.0234802705994771
5,11,MSS-Constrained Modified Lie,0.01685683637479,0.0131900232099817,0.0300468595847717,0.884575169361111,0.00819212432161883,0.0218547352631529
5,12,Linear Elfouhaily,0.0190528658211171,0.0127576997544981,0.0318105655756152,0.818287720468644,0.00871048419910631,0.0231000813765089
5,12,MSS-Constrained Modified Lie,0.0168454348749977,0.0131209372004885,0.0299663720754862,0.882554055436616,0.008146322394219,0.0218200496812672
5,13,Linear Elfouhaily,0.0190149078437658,0.0132157602003372,0.032230668044103,0.833679192871339,0.0086635024863331,0.0235671655577699
5,13,MSS-Constrained Modified Lie,0.0168413643715034,0.0131906531681881,0.0300320175396915,0.885002534726572,0.00803584545493184,0.0219961720847596
5,14,Linear Elfouhaily,0.0193645185759731,0.0130453701647732,0.0324098887407462,0.820776382300524,0.00859038962525623,0.02381949911549
5,14,MSS-Constrained Modified Lie,0.0168852234145819,0.0131656063467415,0.0300508297613233,0.883012856941642,0.00790756868649997,0.0221432610748234
5,15,Linear Elfouhaily,0.0191618428955059,0.0129103945554611,0.032072237450967,0.820826029246116,0.0086438809260999,0.0234283565248671
5,15,MSS-Constrained Modified Lie,0.016858857788018,0.0131447916676003,0.0300036494556184,0.883004221895793,0.00803128517716274,0.0219723642784556
5,16,Linear Elfouhaily,0.0192999209229016,0.012792994889616,0.0320929158125176,0.814157350899079,0.00885118707537749,0.0232417287371401
5,16,MSS-Constrained Modified Lie,0.0168786144175916,0.0131277572314367,0.0300063716490283,0.881915290441728,0.00822759488086992,0.0217787767681584
5,17,Linear Elfouhaily,0.0196598848574623,0.0132301742030684,0.0328900590605307,0.820336992776238,0.00867171702677899,0.0242183420337517
5,17,MSS-Constrained Modified Lie,0.0169240866432668,0.0131932666459746,0.0301173532892414,0.882924463123957,0.0078875579290292,0.0222297953602122
5,18,Linear Elfouhaily,0.0189199822148102,0.0127585727590787,0.0316785549738889,0.821184390366479,0.00876385948587143,0.0229146954880174
5,18,MSS-Constrained Modified Lie,0.0168289143351268,0.0131220118264809,0.0299509261616077,0.883023298502816,0.00823719860064386,0.0217137275609639
5,19,Linear Elfouhaily,0.0190068275721901,0.0131756185509488,0.0321824461231388,0.83258903892837,0.00886876780240299,0.0233136783207358
5,19,MSS-Constrained Modified Lie,0.016838222314961,0.0131837226166147,0.0300219449315757,0.884852554248487,0.00821813522884606,0.0218038097027297
5,20,Linear Elfouhaily,0.0196646645886445,0.0133858868254691,0.0330505514141136,0.825050064897361,0.00900068639764241,0.0240498650164712
5,20,MSS-Constrained Modified Lie,0.0169257043574188,0.0132165191142295,0.0301422234716483,0.88365994359302,0.00815761294193299,0.0219846105297153
6,1,Linear Elfouhaily,0.0211620131622214,0.0145507857284946,0.035712798890716,0.829210385174265,0.00881577294237795,0.026897025948338
6,1,MSS-Constrained Modified Lie,0.01938565764918,0.0148060664681969,0.0341917241173769,0.873935896075551,0.00842877460516051,0.0257629495122164
6,2,Linear Elfouhaily,0.021849373647334,0.0145338568370913,0.0363832304844253,0.81558821768192,0.00885228450478352,0.0275309459796418
6,2,MSS-Constrained Modified Lie,0.0194778507112147,0.014802136853136,0.0342799875643507,0.871749468294561,0.00830219535255085,0.0259777922117998
6,3,Linear Elfouhaily,0.0204727107680544,0.0141949371197337,0.0346676478877881,0.832681778375153,0.00891183934209408,0.025755808545694
6,3,MSS-Constrained Modified Lie,0.0192903016855532,0.014750419548267,0.0340407212338203,0.874445358182928,0.00873569008616211,0.0253050311476581
6,4,Linear Elfouhaily,0.0212366459809719,0.0142364750031761,0.035473120984148,0.818763118154291,0.00897026221504479,0.0265028587691032
6,4,MSS-Constrained Modified Lie,0.019397143886847,0.01475686796891,0.0341540118557571,0.872224340681294,0.00860281921400955,0.0255511926417475
6,5,Linear Elfouhaily,0.0211073999789704,0.0148024218740666,0.035909821853037,0.837430971566718,0.00878743577025071,0.0271223860827863
6,5,MSS-Constrained Modified Lie,0.0193772887988905,0.0148432151467441,0.0342205039456347,0.87522050756659,0.00836667831623769,0.025853825629397
6,6,Linear Elfouhaily,0.020941252843892,0.0144630631898919,0.035404316033784,0.831053172230023,0.00867894819523726,0.0267253678385467
6,6,MSS-Constrained Modified Lie,0.0193562574736275,0.0147918696276523,0.0341481271012798,0.874179947217004,0.00836200557051428,0.0257861215307655
6,7,Linear Elfouhaily,0.0207574804996018,0.014359054558933,0.0351165350585347,0.831717048127725,0.00895302640956299,0.0261635086489717
6,7,MSS-Constrained Modified Lie,0.0193305369644502,0.0147764355884201,0.0341069725528703,0.874304841825775,0.00868055489179528,0.025426417661075
6,8,Linear Elfouhaily,0.0215393957418202,0.0143244787221962,0.0358638744640164,0.815497540419371,0.0090053844131135,0.0268584900509029
6,8,MSS-Constrained Modified Lie,0.0194371743185093,0.014770453087175,0.0342076274056843,0.871726691732119,0.00854986247019263,0.0256577649354917
6,9,Linear Elfouhaily,0.0214488737978386,0.014228444822434,0.0356773186202726,0.814472583966099,0.00900367629866483,0.0266736423216078
6,9,MSS-Constrained Modified Lie,0.0194213678865593,0.0147554056047057,0.034176773491265,0.87163702276439,0.0085691257349125,0.0256076477563525
6,10,Linear Elfouhaily,0.0207466245292611,0.0144191310970341,0.0351657556262952,0.833673163722024,0.00900323543169482,0.0261625201946004
6,10,MSS-Constrained Modified Lie,0.0193289160599902,0.0147845136568571,0.0341134297168473,0.874580462655993,0.00871971978798235,0.025393709928865
6,11,Linear Elfouhaily,0.0210792402958735,0.0146776831808186,0.0357569234766921,0.834451841181753,0.00887538328520306,0.026881540191489
6,11,MSS-Constrained Modified Lie,0.0193764197469982,0.0148250257796864,0.0342014455266847,0.874703696100358,0.00849070417335747,0.0257107413533272
6,12,Linear Elfouhaily,0.020992094906538,0.0143100447130813,0.0353021396196194,0.825643573363938,0.00874515809406632,0.026556981525553
6,12,MSS-Constrained Modified Lie,0.019361203997619,0.0147675392592209,0.03412874325684,0.873349119237787,0.00842364304250729,0.0257051002143327
6,13,Linear Elfouhaily,0.0208952077540817,0.0147405280922521,0.0356357358463339,0.839910817292472,0.00869804805981858,0.0269376877865153
6,13,MSS-Constrained Modified Lie,0.0193488545884129,0.0148334841742748,0.0341823387626877,0.875576215894574,0.00833783796095975,0.0258445008017279
6,14,Linear Elfouhaily,0.0213983589542259,0.0146068749283252,0.0360052338825511,0.826206145594953,0.00862482085912703,0.0273804130234241
6,14,MSS-Constrained Modified Lie,0.0194156190576084,0.0148138314239725,0.0342294504815809,0.873490282640452,0.00816836143755748,0.0260610890440234
6,15,Linear Elfouhaily,0.0211144283730714,0.0142097468590111,0.0353241752320826,0.820358167759666,0.00867807525270547,0.0266460999793771
6,15,MSS-Constrained Modified Lie,0.0193770884324409,0.0147524672253345,0.0341295556577754,0.872545470925199,0.00834857818430835,0.0257809774734671
6,16,Linear Elfouhaily,0.0213555667810294,0.0142739535346346,0.0356295203156639,0.817554264538082,0.00888656865350829,0.0267429516621556
6,16,MSS-Constrained Modified Lie,0.0194117234053543,0.0147633842733605,0.0341751076787147,0.872089213237307,0.00849862968346428,0.0256764779952505
6,17,Linear Elfouhaily,0.0216892671057082,0.0146930749109743,0.0363823420166825,0.823064571054386,0.00870619478352566,0.0276761472331568
6,17,MSS-Constrained Modified Lie,0.0194555663437312,0.0148267944401982,0.0342823607839294,0.87297477454155,0.0081735286948863,0.0261088320890431
6,18,Linear Elfouhaily,0.0207751524690275,0.0142416873347608,0.0350168398037883,0.827958584885741,0.00879885325724241,0.0262179865465459
6,18,MSS-Constrained Modified Lie,0.0193323714692965,0.0147579309335264,0.0340903024028229,0.87371576299827,0.00854713790642139,0.0255431644964015
6,19,Linear Elfouhaily,0.0208924131442099,0.0146700035403579,0.0355624166845678,0.837955212139378,0.00890406275868666,0.0266583539258812
6,19,MSS-Constrained Modified Lie,0.019346257963135,0.0148218952702646,0.0341681532333997,0.875292854213645,0.00852881471973024,0.0256393385136694
6,20,Linear Elfouhaily,0.0215589800654446,0.0148590570134866,0.0364180370789312,0.83019768699778,0.00903645266928944,0.0273815844096418
6,20,MSS-Constrained Modified Lie,0.0194390797581622,0.0148518759466819,0.0342909557048441,0.874083265545735,0.00848597071188653,0.0258049849929576
7,1,Linear Elfouhaily,0.024194690247207,0.0168982201540357,0.0410929104012428,0.835719332549886,0.00889158714341163,0.0322013232578311
7,1,MSS-Constrained Modified Lie,0.0222445480213661,0.0165673458436672,0.0388118938650333,0.863007711005017,0.00842267492821262,0.0303892189368207
7,2,Linear Elfouhaily,0.025025162748663,0.0167341340842168,0.0417592968328798,0.817736093063981,0.00892772666854378,0.032831570164336
7,2,MSS-Constrained Modified Lie,0.0223564907898918,0.0165418239606619,0.0388983147505537,0.860181068050925,0.00830559825215262,0.0305927164984011
7,3,Linear Elfouhaily,0.0233843451922095,0.0163853421742429,0.0397696873664524,0.837076502242747,0.00898757699091504,0.0307821103755373
7,3,MSS-Constrained Modified Lie,0.0221319662129796,0.0164902121858718,0.0386221783988515,0.863183485282968,0.00874977910731158,0.0298723992915399
7,4,Linear Elfouhaily,0.0243217947220235,0.0165573875833704,0.040879182305394,0.825083872389081,0.00904691514128407,0.0318322671641099
7,4,MSS-Constrained Modified Lie,0.0222633644944591,0.0165160302755941,0.0387793947700532,0.861305929112013,0.00858648094865255,0.0301929138214007
7,5,Linear Elfouhaily,0.0240946236917886,0.017206150504018,0.0413007741958065,0.845048790995187,0.00886251407648613,0.0324382601193204
7,5,MSS-Constrained Modified Lie,0.0222298995627708,0.0166113269265972,0.038841226489368,0.86443712957532,0.00836575092689111,0.0304754755624769
7,6,Linear Elfouhaily,0.0239561279733724,0.0166747963145809,0.0406309242879533,0.834299448716504,0.00875318464151017,0.0318777396464431
7,6,MSS-Constrained Modified Lie,0.0222125830147509,0.0165335752919595,0.0387461583067104,0.862747792564383,0.00837048968927331,0.0303756686174371
7,7,Linear Elfouhaily,0.0238175887471801,0.0165659276216302,0.0403835163688103,0.833986429094214,0.00902974556639324,0.0313537708024171
7,7,MSS-Constrained Modified Lie,0.0221931768527184,0.0165178831617277,0.0387110600144462,0.862715216053542,0.00867484249757085,0.0300362175168753
7,8,Linear Elfouhaily,0.0247582835200426,0.0164994221731138,0.0412577056931564,0.816345685031928,0.00908209053804667,0.0321756151551098
7,8,MSS-Constrained Modified Lie,0.0223215809287384,0.0165073076901653,0.0388288886189037,0.859954845808901,0.00853649757150865,0.030292391047395
7,9,Linear Elfouhaily,0.0248433396128568,0.0166700077188838,0.0415133473317406,0.819149013024926,0.00908023840235082,0.0324331089293898
7,9,MSS-Constrained Modified Lie,0.0223293625267593,0.0165325846276125,0.0388619471543718,0.860463028754552,0.00847603528243774,0.030385911871934
7,10,Linear Elfouhaily,0.0235533365914082,0.0167327807669316,0.0402861173583398,0.842864652867712,0.00908001467159782,0.0312061026867419
7,10,MSS-Constrained Modified Lie,0.0221560751720764,0.0165415602934976,0.038697635465574,0.864055862445254,0.00875148507418315,0.0299461503913909
7,11,Linear Elfouhaily,0.0241544652936051,0.0169638505881244,0.0411183158817295,0.838037601776012,0.00895139851600284,0.0321669173657266
7,11,MSS-Constrained Modified Lie,0.0222412706588359,0.0165766822664091,0.038817952925245,0.863314447841336,0.00848697335966636,0.0303309795655787
7,12,Linear Elfouhaily,0.0240015116592807,0.0167036529990203,0.040705164658301,0.834231207267102,0.0088199500201161,0.0318852146381849
7,12,MSS-Constrained Modified Lie,0.0222168589991309,0.0165371219075897,0.0387539809067206,0.862757283975643,0.008405628423206,0.0303483524835146
7,13,Linear Elfouhaily,0.0238289353280136,0.0170739339063183,0.0409028692343319,0.84647566773817,0.0087726930376144,0.0321301761967175
7,13,MSS-Constrained Modified Lie,0.0221939131049641,0.0165917341288379,0.0387856472338021,0.864627310541483,0.00835251249448993,0.0304331347393122
7,14,Linear Elfouhaily,0.0245588238054124,0.016999939238822,0.0415587630442343,0.831993441665917,0.00869868589220642,0.0328600771520279
7,14,MSS-Constrained Modified Lie,0.0222920757523177,0.0165815016020268,0.0388735773543445,0.862455455157555,0.00814014453060609,0.0307334328237384
7,15,Linear Elfouhaily,0.0241959543286925,0.0162440563562897,0.0404400106849822,0.819362088972211,0.00875256983959787,0.0316874408453843
7,15,MSS-Constrained Modified Lie,0.0222426777364458,0.0164685745544213,0.0387112522908672,0.860467497442458,0.00836647858957056,0.0303447737012966
7,16,Linear Elfouhaily,0.0246868623692793,0.0165581771115831,0.0412450394808624,0.81898003347602,0.00896222460486425,0.0322828148759982
7,16,MSS-Constrained Modified Lie,0.0223113411252771,0.0165168325861519,0.038828173711429,0.860400284356136,0.00843906449988305,0.0303891092115459
7,17,Linear Elfouhaily,0.0249477030320968,0.0169889139610854,0.0419366169931823,0.82521578286415,0.00878090630516108,0.0331557106880212
7,17,MSS-Constrained Modified Lie,0.0223451718205444,0.0165797854049438,0.0389249572254882,0.861385592147885,0.00814835146914468,0.0307766057563435
7,18,Linear Elfouhaily,0.0237053761029963,0.01656497676157,0.0402703528645663,0.835934001440577,0.00887394424809231,0.031396408616474
7,18,MSS-Constrained Modified Lie,0.0221768184088298,0.0165174023089408,0.0386942207177706,0.863020780780088,0.00854745198032689,0.0301467687374437
7,19,Linear Elfouhaily,0.0238644376046772,0.0169792149139467,0.0408436525186239,0.8434963364319,0.00898025526271444,0.0318633972559095
7,19,MSS-Constrained Modified Lie,0.0221966357328055,0.0165769949105065,0.0387736306433119,0.864190175209267,0.00853654162023934,0.0302370890230726
7,20,Linear Elfouhaily,0.0245808312506232,0.0171215796071909,0.0417024108578141,0.834590875011528,0.00911320209414471,0.0325892087636694
7,20,MSS-Constrained Modified Lie,0.0222968006154336,0.0165992305317161,0.0388960311471498,0.862824966211732,0.00851213435322165,0.0303838967939281
8,1,Linear Elfouhaily,0.0285908414116246,0.0202728622056,0.0488637036172246,0.842061993615347,0.0089996318341335,0.0398640717830911
8,1,MSS-Constrained Modified Lie,0.0257704998210794,0.0187200313955393,0.0444905312166186,0.852298777431436,0.00825626938181475,0.0362342618348039
8,2,Linear Elfouhaily,0.0295725566126916,0.0198872851707546,0.0494598417834462,0.820055630286394,0.0090366271385596,0.0404232146448866
8,2,MSS-Constrained Modified Lie,0.0259003150596419,0.01866497788561,0.0445652929452519,0.848909153288377,0.00816016514246849,0.0364051278027834
8,3,Linear Elfouhaily,0.0276079535246559,0.0195400099332571,0.0471479634579131,0.841289139487502,0.00909706134610129,0.0380509021118118
8,3,MSS-Constrained Modified Lie,0.0256363629763256,0.0186162564593646,0.0442526194356902,0.852153771803463,0.00859625766391423,0.035656361771776
8,4,Linear Elfouhaily,0.0287566663561454,0.0198458447400787,0.0486025110962241,0.830740771290716,0.00915734648272878,0.0394451646134953
8,4,MSS-Constrained Modified Lie,0.02579410620815,0.0186596188073993,0.0444537250155493,0.85053294768509,0.00841788978934512,0.0360358352262042
8,5,Linear Elfouhaily,0.0283215075913297,0.0206169472254205,0.0489384548167501,0.853206186417323,0.00897069159250261,0.0399677632242475
8,5,MSS-Constrained Modified Lie,0.0257331471255799,0.0187664348039876,0.0444995819295675,0.853973581695392,0.00822901078494265,0.0362705711446249
8,6,Linear Elfouhaily,0.0282756604926009,0.0197960719268184,0.0480717324194194,0.836725745872485,0.00885998050844204,0.0392117519109773
8,6,MSS-Constrained Modified Lie,0.0257287698712433,0.0186526497424066,0.0443814196136499,0.851453149660192,0.00823468877925364,0.0361467308343962
8,7,Linear Elfouhaily,0.0282498759788176,0.0197124241507659,0.0479623001295835,0.835337051178179,0.0091392229557811,0.0388230771738024
8,7,MSS-Constrained Modified Lie,0.025725012975132,0.0186413416751709,0.0443663546503029,0.851257168358494,0.00850493832993465,0.0358614163203683
8,8,Linear Elfouhaily,0.0292751632241103,0.0196014660392269,0.0488766292633372,0.818266204597877,0.00919240782534841,0.0396842214379888
8,8,MSS-Constrained Modified Lie,0.0258620714692826,0.0186249670521041,0.0444870385213867,0.848625549321094,0.00838555730949746,0.0361014812118892
8,9,Linear Elfouhaily,0.0296743975100296,0.0201039245294717,0.0497783220395013,0.823094060076544,0.0091909410563453,0.040587380983156
8,9,MSS-Constrained Modified Lie,0.0259109548878241,0.0186955823606111,0.0446065372484352,0.84943038053884,0.00824340005141887,0.0363631371970163
8,10,Linear Elfouhaily,0.0276140887495218,0.0200148841618597,0.0476289729113815,0.851355963162122,0.00919087669549065,0.0384380962158908
8,10,MSS-Constrained Modified Lie,0.0256375056795646,0.018682823702183,0.0443203293817476,0.853656935405946,0.00862673381481877,0.0356935955669288
8,11,Linear Elfouhaily,0.0285860131545097,0.0202003276820032,0.0487863408365129,0.840625214729626,0.0090605269844434,0.0397258138520695
8,11,MSS-Constrained Modified Lie,0.0257719798517419,0.0187096953322206,0.0444816751839625,0.852038984699243,0.00832964092848123,0.0361520342554812
8,12,Linear Elfouhaily,0.0282618494575586,0.0200955541463513,0.04835740360391,0.843237096037362,0.00892739696907024,0.0394300066348397
8,12,MSS-Constrained Modified Lie,0.0257248017111266,0.0186939389288096,0.0444187406399362,0.852460750034053,0.00825028594104575,0.0361684546988904
8,13,Linear Elfouhaily,0.0280350770995713,0.0203697050348195,0.0484047821343908,0.852396175966055,0.0088798324709608,0.03952494966343
8,13,MSS-Constrained Modified Lie,0.0256948667588964,0.0187321436288148,0.0444270103877113,0.853828318125325,0.00822311705184379,0.0362038933358675
8,14,Linear Elfouhaily,0.0290685534300994,0.0203689056621117,0.0494374590922111,0.837089970213806,0.00880512237333816,0.040632336718873
8,14,MSS-Constrained Modified Lie,0.0258321820659331,0.0187325719575131,0.0445647540234462,0.851565696107707,0.0079748410869711,0.0365899129364751
8,15,Linear Elfouhaily,0.0286217064314723,0.0191678214070153,0.0477895278384876,0.818349112340889,0.00885901735440013,0.0389305104840875
8,15,MSS-Constrained Modified Lie,0.0257725839595421,0.0185624410011887,0.0443350249607308,0.848669435673299,0.00823054662857392,0.0361044783321569
8,16,Linear Elfouhaily,0.0295685683340329,0.019793057717216,0.0493616260512489,0.818165753450854,0.00907142864103191,0.0402901974102169
8,16,MSS-Constrained Modified Lie,0.0259000956413869,0.0186528353832663,0.0445529310246532,0.848636574098898,0.00821352987842776,0.0363394011462254
8,17,Linear Elfouhaily,0.0296831860577663,0.0202420236275634,0.0499252096853297,0.825793968619558,0.00888797559565752,0.0410372340896721
8,17,MSS-Constrained Modified Lie,0.0259138971635454,0.0187149478734464,0.0446288450369918,0.849821952252966,0.00796951791289878,0.036659327124093
8,18,Linear Elfouhaily,0.027949937442767,0.0198860629703878,0.0478360004131548,0.843497859916258,0.00898212841733128,0.0388538719958235
8,18,MSS-Constrained Modified Lie,0.025683354783127,0.0186655173210147,0.0443488721041417,0.852499513849326,0.0083892777799568,0.0359595943241849
8,19,Linear Elfouhaily,0.0281831684834694,0.0202505527468531,0.0484337212303226,0.847663596556906,0.00908966968437386,0.0393440515459487
8,19,MSS-Constrained Modified Lie,0.0257128747534957,0.0187148019371957,0.0444276766906914,0.853134098533339,0.00838482877105585,0.0360428479196356
8,20,Linear Elfouhaily,0.0289845353735821,0.0203482459508858,0.0493327813244679,0.837877093831618,0.00922377019344577,0.0401090111310221
8,20,MSS-Constrained Modified Lie,0.0258227737807758,0.0187297381856716,0.0445525119664474,0.851656387447578,0.00837607160920391,0.0361764403572435
9,1,Linear Elfouhaily,0.0325945334506514,0.0232734344243803,0.0558679678750317,0.845002227060876,0.00906854698913374,0.0467994208858979
9,1,MSS-Constrained Modified Lie,0.0291558758592174,0.020871730374991,0.0500276062342084,0.846089258884274,0.00820349175830759,0.0418241144759008
9,2,Linear Elfouhaily,0.0336565954269729,0.022670225880473,0.0563268213074459,0.82071587221482,0.00910513706961372,0.0472216842378321
9,2,MSS-Constrained Modified Lie,0.0292955030219124,0.0207885057018157,0.0500840087237282,0.842386031453356,0.00812956567401218,0.041954443049716
9,3,Linear Elfouhaily,0.031448345111737,0.0223413196734443,0.0537896647851812,0.842860134289919,0.00916583259058338,0.0446238321945979
9,3,MSS-Constrained Modified Lie,0.029000560978888,0.0207435105904964,0.0497440715693843,0.845742060085325,0.00855462117849027,0.041189450390894
9,4,Linear Elfouhaily,0.0327685847964083,0.022739468112303,0.0555080529087113,0.833031278025921,0.00922696737942729,0.046281085529284
9,4,MSS-Constrained Modified Lie,0.0291805100140596,0.0207984864803314,0.049978996494391,0.844246807464443,0.00837144444614045,0.0416075520482505
9,5,Linear Elfouhaily,0.0320320984508849,0.0235933634829728,0.0556254619338577,0.858227119694889,0.00903888081729479,0.0465865811165629
9,5,MSS-Constrained Modified Lie,0.0290791758581012,0.0209136291631935,0.0499928050212947,0.848054288209253,0.00822132256498184,0.0417714824563128
9,6,Linear Elfouhaily,0.0321537045284478,0.0224969919677363,0.0546506964961841,0.836462967553093,0.00892741344526551,0.0457232830509186
9,6,MSS-Constrained Modified Lie,0.0290974997662346,0.0207651464919511,0.0498626462581857,0.844772296113147,0.00821577082254579,0.0416468754356399
9,7,Linear Elfouhaily,0.0322713899898445,0.0224693796449665,0.0547407696348109,0.834423843060935,0.00920895400774803,0.0455318156270629
9,7,MSS-Constrained Modified Lie,0.0291132495496583,0.0207618291194485,0.0498750786691068,0.844476297843406,0.00845722678000925,0.0414178518890975
9,8,Linear Elfouhaily,0.0332409015232544,0.0223324895997066,0.055573391122961,0.819657039943943,0.00926208585354566,0.0463113052694153
9,8,MSS-Constrained Modified Lie,0.0292419849667276,0.020742228635437,0.0499842136021646,0.842217543858895,0.0083673541623701,0.0416168594397945
9,9,Linear Elfouhaily,0.0339961642851133,0.0230998090187933,0.0570959733039066,0.824307469068254,0.00926045992048937,0.0478355133834172
9,9,MSS-Constrained Modified Lie,0.0293368110990835,0.0208473375776108,0.0501841486766944,0.842983059644315,0.00816311751730315,0.0420210311593912
9,10,Linear Elfouhaily,0.0313195401672444,0.0229158165840954,0.0542353567513398,0.855381750151519,0.00926060008497443,0.0449747566663654
9,10,MSS-Constrained Modified Lie,0.0289830521613109,0.0208220473085012,0.0498050994698121,0.847597476845722,0.00860430910453214,0.04120079036528
9,11,Linear Elfouhaily,0.0326011503952661,0.0230609253636785,0.0556620757589445,0.841050169091605,0.00912958676177931,0.0465324889971652
9,11,MSS-Constrained Modified Lie,0.0291590138513677,0.0208427943713319,0.0500018082226996,0.84545706155738,0.00828774045413607,0.0417140677685635
9,12,Linear Elfouhaily,0.0319974292064729,0.0230688109410938,0.0550662401475666,0.849092610819161,0.00899534125897002,0.0460708988885966
9,12,MSS-Constrained Modified Lie,0.0290742893150763,0.0208427115508034,0.0499170008658797,0.846686344086791,0.00823150212080039,0.0416854987450793
9,13,Linear Elfouhaily,0.0318037098004471,0.0232415949680389,0.055045304768486,0.85485818292658,0.00894764842811639,0.0460976563403696
9,13,MSS-Constrained Modified Lie,0.0290488987129796,0.0208662127717512,0.0499151114847308,0.847533707430532,0.00820862944204367,0.0417064820426872
9,14,Linear Elfouhaily,0.0331244715729647,0.023318105902851,0.0564425774758157,0.839019695564849,0.00887220998434122,0.0475703674914744
9,14,MSS-Constrained Modified Lie,0.0292241041330906,0.0208770250050341,0.0501011291381248,0.845208201007831,0.00793172297414209,0.0421694061639827
9,15,Linear Elfouhaily,0.0326039884855153,0.0217547915891177,0.054358780074633,0.816849594911242,0.00892671935621981,0.0454320607184132
9,15,MSS-Constrained Modified Lie,0.0291550939708864,0.020660726255086,0.0498158202259724,0.841812885220822,0.00820498197965707,0.0416108382463154
9,16,Linear Elfouhaily,0.0340624276503027,0.0226259312863389,0.0566883589366415,0.815014683846752,0.00914013313517732,0.0475482258014642
9,16,MSS-Constrained Modified Lie,0.0293483849552291,0.0207835406514368,0.0501319256066659,0.841526243276409,0.00811916997880284,0.0420127556278631
9,17,Linear Elfouhaily,0.0340010772538627,0.0230980143623994,0.0570990916162621,0.824215893860751,0.00895586012731374,0.0481432314889483
9,17,MSS-Constrained Modified Lie,0.0293392241330035,0.020847276977736,0.0501865011107394,0.842947167778874,0.00790812459939327,0.0422783765113462
9,18,Linear Elfouhaily,0.0318506312173975,0.0228257153345897,0.0546763465519872,0.84655109649521,0.00905033013067385,0.0456260164213134
9,18,MSS-Constrained Modified Lie,0.0290554522301966,0.0208105136089311,0.0498659658391278,0.84630631153973,0.00833823663073629,0.0415277292083915
9,19,Linear Elfouhaily,0.0321355985428838,0.0231238561016851,0.0552594546445689,0.848275516761932,0.00915888892523925,0.0461005657193297
9,19,MSS-Constrained Modified Lie,0.0290918252477649,0.0208494678074034,0.0499412930551683,0.846568299442105,0.0083423151519161,0.0415989779032522
9,20,Linear Elfouhaily,0.0329865843002309,0.023182326780103,0.056168911080334,0.838320020468678,0.00929347804786364,0.0468754330324703
9,20,MSS-Constrained Modified Lie,0.0292076167828427,0.0208587712865568,0.0500663880693995,0.845077035507555,0.00834722779547292,0.0417191602739266
10,1,Linear Elfouhaily,0.036252372277669,0.0259411710153077,0.0621935432929767,0.845914701505446,0.00911139349741334,0.0530821497955634
10,1,MSS-Constrained Modified Lie,0.0324948268517524,0.0230638254519009,0.0555586523036533,0.842477978582895,0.00823415711868906,0.0473244951849643
10,2,Linear Elfouhaily,0.0373581019173061,0.0251502330512586,0.0625083349685647,0.820500038153132,0.0091480929347801,0.0533602420337846
10,2,MSS-Constrained Modified Lie,0.0326406752576185,0.0229557932307267,0.0555964684883452,0.838622644004809,0.00817884495937317,0.047417623528972
10,3,Linear Elfouhaily,0.0349836911991355,0.0248431293592068,0.0598268205583423,0.842694840596749,0.0092089930969232,0.0506178274614191
10,3,MSS-Constrained Modified Lie,0.0323224875938481,0.0229140492669411,0.0552365368607893,0.841973712625841,0.00859110995037863,0.0466454269104106
10,4,Linear Elfouhaily,0.036431948991524,0.0252961274932759,0.0617280764847999,0.833270137762822,0.00927056251572732,0.0524575139690726
10,4,MSS-Constrained Modified Lie,0.0325202729830146,0.0229761809419854,0.055496453925,0.840546666446431,0.00840937938942481,0.0470870745355752
10,5,Linear Elfouhaily,0.0353622610749904,0.0261875219740583,0.0615497830490487,0.860552140692042,0.00908158377491163,0.052468199274137
10,5,MSS-Constrained Modified Lie,0.0323732847990272,0.0230956720843328,0.05546895688336,0.844640532417272,0.00829754383993392,0.0471714130434261
10,6,Linear Elfouhaily,0.0357060908825546,0.0248878343467342,0.0605939252292888,0.834876815148379,0.00896959866887294,0.0516243265604158
10,6,MSS-Constrained Modified Lie,0.0324220468649843,0.0229202629272484,0.0553423097922327,0.840793959694733,0.00827030792023492,0.0470720018719978
10,7,Linear Elfouhaily,0.035963428742108,0.0249147158806644,0.0608781446227724,0.832333595113186,0.00925234519483212,0.0516257994279403
10,7,MSS-Constrained Modified Lie,0.0324567449395911,0.0229244776275957,0.0553812225671868,0.840421671601266,0.00849073299804779,0.046890489569139
10,8,Linear Elfouhaily,0.0367846291967464,0.0247721234129833,0.0615567526097297,0.82063195885527,0.00930566761778515,0.0522510849919446
10,8,MSS-Constrained Modified Lie,0.0325661141466429,0.0229041683002857,0.0554702824469286,0.838637528152557,0.0084336465998874,0.0470366358470412
10,9,Linear Elfouhaily,0.0378840444456302,0.0257319858773143,0.0636160303229445,0.82415421378848,0.00930409632414268,0.0543119339988018
10,9,MSS-Constrained Modified Lie,0.0327062937818379,0.0230348734483073,0.0557411672301453,0.839222750395121,0.00818465110553867,0.0475565161246066
10,10,Linear Elfouhaily,0.0347654067356055,0.0254825595496716,0.0602479662852771,0.85614606813283,0.0093043244862942,0.0509436417989829
10,10,MSS-Constrained Modified Lie,0.0322925262050187,0.0230009489746991,0.0552934751797178,0.843960006744471,0.00865235216663394,0.0466411230130839
10,11,Linear Elfouhaily,0.0362853944976373,0.0256496497710645,0.0619350442687018,0.840765330892504,0.00917273067783397,0.0527623135908679
10,11,MSS-Constrained Modified Lie,0.0325015255335608,0.0230245307302119,0.0555260562637727,0.841673242299824,0.00832017608430598,0.0472058801794668
10,12,Linear Elfouhaily,0.0353507368311235,0.0256736098459728,0.0610243466770963,0.852205304923646,0.00903780816562406,0.0519865385114723
10,12,MSS-Constrained Modified Lie,0.0323715281965343,0.0230266024388522,0.0553981306353865,0.843399482814377,0.00829845389101419,0.0470996767443723
10,13,Linear Elfouhaily,0.0352403862080859,0.0257685943145535,0.0610089805226394,0.855116003809317,0.00899000938429328,0.0520189711383461
10,13,MSS-Constrained Modified Lie,0.0323574102119981,0.0230395283840693,0.0553969385960675,0.843820195035513,0.00826947859357002,0.0471274600024975
10,14,Linear Elfouhaily,0.0368752454542355,0.0259286260392406,0.0628038714934761,0.838537119228438,0.00891422432173958,0.0538896471717365
10,14,MSS-Constrained Modified Lie,0.0325755471677549,0.0230614504652551,0.05563699763301,0.84139020115345,0.00796197373116343,0.0476750239018466
10,15,Linear Elfouhaily,0.0362091329675968,0.0240855594876474,0.0602946924552442,0.815585144452474,0.00896888542453223,0.051325807030712
10,15,MSS-Constrained Modified Lie,0.0324869564055636,0.0228076942688991,0.0552946506744627,0.837888401148494,0.00825640761902086,0.0470382430554418
10,16,Linear Elfouhaily,0.0381659227020902,0.0251503528184729,0.0633162755205632,0.811772168951149,0.00918320970933293,0.0541330658112302
10,16,MSS-Constrained Modified Lie,0.0327456480095838,0.0229569383993437,0.0557025864089275,0.837298262218987,0.00811962741041771,0.0475829589985098
10,17,Linear Elfouhaily,0.037921707330894,0.0256601612449823,0.0635818685758763,0.822594401617925,0.00899822079719322,0.0545836477786831
10,17,MSS-Constrained Modified Lie,0.0327129498067625,0.0230254068800056,0.055738356686768,0.838964922218094,0.00793111141257586,0.0478072452741922
10,18,Linear Elfouhaily,0.0355491146605303,0.0254312378633021,0.0609803525238325,0.845803261218394,0.00909303777724275,0.0518873147465897
10,18,MSS-Constrained Modified Lie,0.0323998152435959,0.0229947557955777,0.0553945710391736,0.842448059003693,0.00835333324321875,0.0470412377959548
10,19,Linear Elfouhaily,0.0358359901445277,0.0256757824360041,0.0615117725805318,0.846451617590348,0.00920214075044387,0.0523096318300879
10,19,MSS-Constrained Modified Lie,0.0324364205912185,0.023026202605876,0.0554626231970944,0.842548091663159,0.00836870612020025,0.0470939170768942
10,20,Linear Elfouhaily,0.0366676635959299,0.0257153578976634,0.0623830214935932,0.837441863528831,0.00933712804569185,0.0530458934479014
10,20,MSS-Constrained Modified Lie,0.0325498002234945,0.0230329316784925,0.0555827319019869,0.841202289400606,0.00839152125321911,0.0471912106487678
